attraction_id,city_name,attraction_name,address,longitude,latitude,open_hours,ticket_price,overview,facilities,type,duration_of_visit,rate_of_restaurant,facilities_group,country
1,Hong Kong,Hong Kong Dreamland,"156 Fantasy Avenue, Causeway Bay",114.120477,22.174898,09:00-22:00,11.06,"Hong Kong Dreamland is a theme park in Hong Kong, Hong Kong, popular for its memorable experiences. Entry fee is 11.06 USD. Recommended visit: 6 hours. Discover Hong Kong Dreamland, a notable theme park in Hong Kong, Hong Kong, ideal for visitors. Open 09:00-22:00, entry 11.06 USD.","['Restrooms', 'Information Desk', 'Restaurant', 'Souvenir Shop', 'First Aid Station', 'Luggage Storage', 'pet-friendly', 'pet water stations', 'pet rest area', 'city passes', 'self-guided tours', 'private tours', 'skip the line passes', 'VIP exclusive events', 'group tours', 'security', 'food markets', 'tasting tours', 'night markets', 'bars', 'evening shows']",Theme Park/Amusement Park,6 hours,3.75,"['Pet Owners', 'Nightlife Enthusiast', 'Fast-Paced Budget Travel', 'Solo Woman Travelers', 'Luxury Travelers', 'foodie']",Hong Kong
2,Hong Kong,Lantau Island Viewpoint,"156 Victoria Harbour Road, Wan Chai",114.373646,22.266658,08:00-20:00,6.02,"Lantau Island Viewpoint is a nature in Hong Kong, Hong Kong, popular for its natural scenery and relaxing atmosphere. Entry fee is 6.02 USD. Recommended visit: 3 hours. Discover Lantau Island Viewpoint, a peaceful nature in Hong Kong, Hong Kong, ideal for nature lovers. Open 08:00-20:00, entry 6.02 USD.","['Restrooms', 'Information Desk', 'Restaurant', 'Souvenir Shop', 'First Aid Station', 'Luggage Storage', 'city passes', 'self-guided tours', 'food markets', 'tasting tours', 'night markets', 'bars', 'evening shows', 'parking', 'ramps', 'elevators', 'wheelchair rentals', 'accessible restrooms', 'photo spots', 'guided photo tours', 'charging stations']",Nature/Scenery/Park,3 hours,3.7,"['Road trip', 'Nightlife Enthusiast', 'Disabled Travelers', 'Fast-Paced Budget Travel', 'foodie', 'Photography']",Hong Kong
3,Hong Kong,Hong Kong Ocean Adventure Park,"128 Hong Kong Park, Central",113.986128,22.36265,09:00-21:00,32.2,"Hong Kong Ocean Adventure Park is a theme park in Hong Kong, Hong Kong, popular for its memorable experiences. Entry fee is 32.2 USD. Recommended visit: 7 hours. Discover Hong Kong Ocean Adventure Park, a notable theme park in Hong Kong, Hong Kong, ideal for visitors. Open 09:00-21:00, entry 32.2 USD.","['Restrooms', 'Information Desk', 'Restaurant', 'Souvenir Shop', 'First Aid Station', 'Luggage Storage', 'pet-friendly', 'pet water stations', 'pet rest area', 'city passes', 'self-guided tours', 'private tours', 'skip the line passes', 'VIP exclusive events', 'family restrooms', 'nursing facilities', 'parking', 'ramps', 'elevators', 'wheelchair rentals', 'accessible restrooms']",Theme Park/Amusement Park,7 hours,3.75,"['Family with children', 'Road trip', 'Pet Owners', 'Disabled Travelers', 'Fast-Paced Budget Travel', 'Luxury Travelers']",Hong Kong
4,Hong Kong,Peak Summit Viewpoint,"158 Nathan Road, Kowloon",114.317114,22.465553,08:00-20:00,4.06,"Peak Summit Viewpoint is a nature in Hong Kong, Hong Kong, popular for its natural scenery and relaxing atmosphere. Entry fee is 4.06 USD. Recommended visit: 3 hours. Discover Peak Summit Viewpoint, a peaceful nature in Hong Kong, Hong Kong, ideal for nature lovers. Open 08:00-20:00, entry 4.06 USD.","['Restrooms', 'Information Desk', 'Restaurant', 'Souvenir Shop', 'First Aid Station', 'Luggage Storage', 'pet-friendly', 'pet water stations', 'pet rest area', 'city passes', 'self-guided tours', 'food markets', 'tasting tours', 'ramps', 'elevators', 'wheelchair rentals', 'accessible restrooms', 'high speed WiFi', 'wheelchair rental', 'benches/rest areas']",Nature/Scenery/Park,3 hours,3.7,"['Elderly Travelers', 'Pet Owners', 'Disabled Travelers', 'Fast-Paced Budget Travel', 'foodie']",Hong Kong
5,Hong Kong,Peak Ropeway Viewpoint,"127 Victoria Peak Road, Hong Kong Island",113.845225,22.490793,08:30-18:00,13.58,"Peak Ropeway Viewpoint is a nature in Hong Kong, Hong Kong, popular for its natural scenery and relaxing atmosphere. Entry fee is 13.58 USD. Recommended visit: 3 hours. Discover Peak Ropeway Viewpoint, a peaceful nature in Hong Kong, Hong Kong, ideal for nature lovers. Open 08:30-18:00, entry 13.58 USD.","['Restrooms', 'Information Desk', 'Restaurant', 'Souvenir Shop', 'First Aid Station', 'Luggage Storage', 'food markets', 'tasting tours', 'night markets', 'bars', 'evening shows', 'scenic spots', 'sunset cruises', 'special couples experiences', 'ramps', 'elevators', 'wheelchair rentals', 'accessible restrooms', 'high speed WiFi', 'wheelchair rental', 'benches/rest areas']",Nature/Scenery/Park,3 hours,3.7,"['Elderly Travelers', 'Nightlife Enthusiast', 'Disabled Travelers', 'couples trip', 'foodie']",Hong Kong
6,Hong Kong,Kowloon Heights Viewpoint,"156 Queen's Road Central, Hong Kong Island",114.313437,22.467858,08:00-20:00,7.7,"Kowloon Heights Viewpoint is a nature in Hong Kong, Hong Kong, popular for its natural scenery and relaxing atmosphere. Entry fee is 7.7 USD. Recommended visit: 3 hours. Discover Kowloon Heights Viewpoint, a peaceful nature in Hong Kong, Hong Kong, ideal for nature lovers. Open 08:00-20:00, entry 7.7 USD.","['Restrooms', 'Information Desk', 'Restaurant', 'Souvenir Shop', 'First Aid Station', 'Luggage Storage', 'city passes', 'self-guided tours', 'scenic spots', 'sunset cruises', 'special couples experiences', 'family restrooms', 'nursing facilities', 'parking', 'high speed WiFi', 'wheelchair rental', 'benches/rest areas']",Nature/Scenery/Park,3 hours,3.7,"['Family with children', 'Road trip', 'Elderly Travelers', 'Fast-Paced Budget Travel', 'couples trip']",Hong Kong
7,Hong Kong,Hong Kong Palace Cultural Center,"125 Queen's Road Central, Central",114.274644,22.344669,10:00-18:00,0.0,"Hong Kong Palace Cultural Center is a museum in Hong Kong, Hong Kong, popular for its unique collections and exhibitions. Entry fee is 0.0 USD. Recommended visit: 2 hours. Discover Hong Kong Palace Cultural Center, a renowned museum in Hong Kong, Hong Kong, ideal for art lovers. Open 10:00-18:00, entry 0.0 USD.","['Restrooms', 'Information Desk', 'Restaurant', 'Souvenir Shop', 'First Aid Station', 'Luggage Storage', 'city passes', 'self-guided tours', 'private tours', 'skip the line passes', 'VIP exclusive events', 'group tours', 'security', 'scenic spots', 'sunset cruises', 'special couples experiences', 'photo spots', 'guided photo tours', 'charging stations', 'wheelchair rental', 'benches/rest areas']",Museum/Art Gallery,2 hours,4.0,"['Elderly Travelers', 'Fast-Paced Budget Travel', 'couples trip', 'Solo Woman Travelers', 'Luxury Travelers', 'Photography']",Hong Kong
8,Hong Kong,Hong Kong Jay Chou Music Festival 2025,"158 Nathan Road, Tsim Sha Tsui",114.244959,22.177538,10:00-22:00,35.0,"Hong Kong Jay Chou Music Festival 2025 is a theme park in Hong Kong, Hong Kong, popular for its memorable experiences. Entry fee is 35.0 USD. Recommended visit: 8 hours. Discover Hong Kong Jay Chou Music Festival 2025, a notable theme park in Hong Kong, Hong Kong, ideal for visitors. Open 10:00-22:00, entry 35.0 USD.","['Restrooms', 'Information Desk', 'Restaurant', 'Souvenir Shop', 'First Aid Station', 'Luggage Storage', 'pet-friendly', 'pet water stations', 'pet rest area', 'group tours', 'security', 'food markets', 'tasting tours', 'night markets', 'bars', 'evening shows', 'parking', 'ramps', 'elevators', 'wheelchair rentals', 'accessible restrooms']",Theme Park/Amusement Park,8 hours,3.75,"['Road trip', 'Pet Owners', 'Nightlife Enthusiast', 'Disabled Travelers', 'Solo Woman Travelers', 'foodie']",Hong Kong
9,Hong Kong,Am Ping Skyline,"158 Tai Tam Road, Tai Tam",114.247682,22.330239,08:30-17:30,7.0,"Am Ping Skyline is a nature in Hong Kong, Hong Kong, popular for its natural scenery and relaxing atmosphere. Entry fee is 7.0 USD. Recommended visit: 3 hours. Discover Am Ping Skyline, a peaceful nature in Hong Kong, Hong Kong, ideal for nature lovers. Open 08:30-17:30, entry 7.0 USD.","['Restrooms', 'Information Desk', 'Restaurant', 'Souvenir Shop', 'First Aid Station', 'Luggage Storage', 'city passes', 'self-guided tours', 'private tours', 'skip the line passes', 'VIP exclusive events', 'group tours', 'security', 'food markets', 'tasting tours', 'family restrooms', 'nursing facilities', 'wheelchair rental', 'benches/rest areas']",Nature/Scenery/Park,3 hours,3.7,"['Family with children', 'Elderly Travelers', 'Fast-Paced Budget Travel', 'Solo Woman Travelers', 'Luxury Travelers', 'foodie']",Hong Kong
10,Hong Kong,Central Hub,"156 Queen's Road Central, Hong Kong",113.868074,22.346523,09:00-21:00,27.86,"Central Hub is a historic site in Hong Kong, Hong Kong, popular for its memorable experiences. Entry fee is 27.86 USD. Recommended visit: 2 hours. Discover Central Hub, a notable historic site in Hong Kong, Hong Kong, ideal for visitors. Open 09:00-21:00, entry 27.86 USD.","['Restrooms', 'Information Desk', 'Restaurant', 'Souvenir Shop', 'First Aid Station', 'Luggage Storage', 'pet-friendly', 'pet water stations', 'pet rest area', 'private tours', 'skip the line passes', 'VIP exclusive events', 'group tours', 'security', 'family restrooms', 'nursing facilities', 'parking', 'high speed WiFi']",Historic Site/Landmark,2 hours,3.5,"['Family with children', 'Road trip', 'Pet Owners', 'Solo Woman Travelers', 'Luxury Travelers']",Hong Kong
11,Hong Kong,Hong Kong Sky Wheel,"158 Nathan Road, Tsim Sha Tsui",114.072759,22.181019,09:00-22:00,16.8,"Hong Kong Sky Wheel is a historic site in Hong Kong, Hong Kong, popular for its memorable experiences. Entry fee is 16.8 USD. Recommended visit: 2 hours. Discover Hong Kong Sky Wheel, a notable historic site in Hong Kong, Hong Kong, ideal for visitors. Open 09:00-22:00, entry 16.8 USD.","['Restrooms', 'Information Desk', 'Restaurant', 'Souvenir Shop', 'First Aid Station', 'Luggage Storage', 'group tours', 'security', 'food markets', 'tasting tours', 'parking', 'ramps', 'elevators', 'wheelchair rentals', 'accessible restrooms', 'high speed WiFi', 'photo spots', 'guided photo tours', 'charging stations']",Historic Site/Landmark,2 hours,3.5,"['Road trip', 'Disabled Travelers', 'Solo Woman Travelers', 'foodie', 'Photography']",Hong Kong
12,Hong Kong,Victoria Harbour Viewpoint,"158 Nathan Road, Tsim Sha Tsui",114.247495,22.410248,08:00-22:00,16.21,"Victoria Harbour Viewpoint is a nature in Hong Kong, Hong Kong, popular for its natural scenery and relaxing atmosphere. Entry fee is 16.21 USD. Recommended visit: 3 hours. Discover Victoria Harbour Viewpoint, a peaceful nature in Hong Kong, Hong Kong, ideal for nature lovers. Open 08:00-22:00, entry 16.21 USD.","['Restrooms', 'Information Desk', 'Restaurant', 'Souvenir Shop', 'First Aid Station', 'Luggage Storage', 'city passes', 'self-guided tours', 'group tours', 'security', 'scenic spots', 'sunset cruises', 'special couples experiences', 'parking', 'high speed WiFi', 'photo spots', 'guided photo tours', 'charging stations']",Nature/Scenery/Park,3 hours,3.7,"['Road trip', 'Fast-Paced Budget Travel', 'couples trip', 'Solo Woman Travelers', 'Photography']",Hong Kong
13,Hong Kong,Museum of Contemporary Art,"188 Queen's Road Central, Hong Kong Island",114.139515,22.301192,10:00-18:00,7.0,"Museum of Contemporary Art is a museum in Hong Kong, Hong Kong, popular for its unique collections and exhibitions. Entry fee is 7.0 USD. Recommended visit: 2 hours. Discover Museum of Contemporary Art, a renowned museum in Hong Kong, Hong Kong, ideal for art lovers. Open 10:00-18:00, entry 7.0 USD.","['Restrooms', 'Information Desk', 'Restaurant', 'Souvenir Shop', 'First Aid Station', 'Luggage Storage', 'pet-friendly', 'pet water stations', 'pet rest area', 'night markets', 'bars', 'evening shows', 'scenic spots', 'sunset cruises', 'special couples experiences', 'parking', 'ramps', 'elevators', 'wheelchair rentals', 'accessible restrooms', 'photo spots', 'guided photo tours', 'charging stations']",Museum/Art Gallery,2 hours,4.0,"['Road trip', 'Pet Owners', 'Nightlife Enthusiast', 'Disabled Travelers', 'couples trip', 'Photography']",Hong Kong
14,Hong Kong,Big Bus Hong Kong Sightseeing Tour,"156 Nathan Road, Kowloon",114.223295,22.438132,08:30-19:00,0.0,"Big Bus Hong Kong Sightseeing Tour is a nature in Hong Kong, Hong Kong, popular for its natural scenery and relaxing atmosphere. Entry fee is 0.0 USD. Recommended visit: 3 hours. Discover Big Bus Hong Kong Sightseeing Tour, a peaceful nature in Hong Kong, Hong Kong, ideal for nature lovers. Open 08:30-19:00, entry 0.0 USD.","['Restrooms', 'Information Desk', 'Restaurant', 'Souvenir Shop', 'First Aid Station', 'Luggage Storage', 'group tours', 'security', 'food markets', 'tasting tours', 'family restrooms', 'nursing facilities', 'ramps', 'elevators', 'wheelchair rentals', 'accessible restrooms', 'photo spots', 'guided photo tours', 'charging stations', 'wheelchair rental', 'benches/rest areas']",Nature/Scenery/Park,3 hours,3.7,"['Family with children', 'Elderly Travelers', 'Disabled Travelers', 'Solo Woman Travelers', 'foodie', 'Photography']",Hong Kong
15,Hong Kong,Tsim Sha Tsui Promenade,"156 Nathan Road, Tsim Sha Tsui",113.876194,22.466188,08:00-22:00,42.0,"Tsim Sha Tsui Promenade is a nature in Hong Kong, Hong Kong, popular for its natural scenery and relaxing atmosphere. Entry fee is 42.0 USD. Recommended visit: 3 hours. Discover Tsim Sha Tsui Promenade, a peaceful nature in Hong Kong, Hong Kong, ideal for nature lovers. Open 08:00-22:00, entry 42.0 USD.","['Restrooms', 'Information Desk', 'Restaurant', 'Souvenir Shop', 'First Aid Station', 'Luggage Storage', 'private tours', 'skip the line passes', 'VIP exclusive events', 'family restrooms', 'nursing facilities', 'ramps', 'elevators', 'wheelchair rentals', 'accessible restrooms', 'high speed WiFi', 'photo spots', 'guided photo tours', 'charging stations', 'wheelchair rental', 'benches/rest areas']",Nature/Scenery/Park,3 hours,3.7,"['Family with children', 'Elderly Travelers', 'Disabled Travelers', 'Luxury Travelers', 'Photography']",Hong Kong
16,Hong Kong,Hong Kong · K-POP Experience Hub,"321 Victoria Harbour Road, Hong Kong",113.990641,22.540877,10:00-22:00,17.92,"Hong Kong · K-POP Experience Hub is a museum in Hong Kong, Hong Kong, popular for its unique collections and exhibitions. Entry fee is 17.92 USD. Recommended visit: 2 hours. Discover Hong Kong · K-POP Experience Hub, a renowned museum in Hong Kong, Hong Kong, ideal for art lovers. Open 10:00-22:00, entry 17.92 USD.","['Restrooms', 'Information Desk', 'Restaurant', 'Souvenir Shop', 'First Aid Station', 'Luggage Storage', 'private tours', 'skip the line passes', 'VIP exclusive events', 'group tours', 'security', 'food markets', 'tasting tours', 'ramps', 'elevators', 'wheelchair rentals', 'accessible restrooms', 'photo spots', 'guided photo tours', 'charging stations', 'wheelchair rental', 'benches/rest areas']",Museum/Art Gallery,2 hours,4.0,"['Elderly Travelers', 'Disabled Travelers', 'Solo Woman Travelers', 'Luxury Travelers', 'foodie', 'Photography']",Hong Kong
17,Hong Kong,Star Ferry Viewpoint,"327 Nathan Road, Kowloon",114.030746,22.236582,08:00-22:00,13.44,"Star Ferry Viewpoint is a nature in Hong Kong, Hong Kong, popular for its natural scenery and relaxing atmosphere. Entry fee is 13.44 USD. Recommended visit: 3 hours. Discover Star Ferry Viewpoint, a peaceful nature in Hong Kong, Hong Kong, ideal for nature lovers. Open 08:00-22:00, entry 13.44 USD.","['Restrooms', 'Information Desk', 'Restaurant', 'Souvenir Shop', 'First Aid Station', 'Luggage Storage', 'group tours', 'security', 'night markets', 'bars', 'evening shows', 'family restrooms', 'nursing facilities', 'parking', 'ramps', 'elevators', 'wheelchair rentals', 'accessible restrooms', 'wheelchair rental', 'benches/rest areas']",Nature/Scenery/Park,3 hours,3.7,"['Family with children', 'Road trip', 'Elderly Travelers', 'Nightlife Enthusiast', 'Disabled Travelers', 'Solo Woman Travelers']",Hong Kong
18,Hong Kong,Hong Kong Madame Tussauds Wax Museum,"123 Hollywood Road, Central",114.164891,22.412426,10:00-20:00,3.78,"Hong Kong Madame Tussauds Wax Museum is a museum in Hong Kong, Hong Kong, popular for its unique collections and exhibitions. Entry fee is 3.78 USD. Recommended visit: 2 hours. Discover Hong Kong Madame Tussauds Wax Museum, a renowned museum in Hong Kong, Hong Kong, ideal for art lovers. Open 10:00-20:00, entry 3.78 USD.","['Restrooms', 'Information Desk', 'Restaurant', 'Souvenir Shop', 'First Aid Station', 'Luggage Storage', 'food markets', 'tasting tours', 'scenic spots', 'sunset cruises', 'special couples experiences', 'family restrooms', 'nursing facilities', 'ramps', 'elevators', 'wheelchair rentals', 'accessible restrooms', 'photo spots', 'guided photo tours', 'charging stations', 'wheelchair rental', 'benches/rest areas']",Museum/Art Gallery,2 hours,4.0,"['Family with children', 'Elderly Travelers', 'Disabled Travelers', 'couples trip', 'foodie', 'Photography']",Hong Kong
19,Hong Kong,Hong Kong Lego Adventure Hub,"156 Harbour Road, Wan Chai",114.238981,22.178075,10:00-20:00,28.0,"Hong Kong Lego Adventure Hub is a theme park in Hong Kong, Hong Kong, popular for its memorable experiences. Entry fee is 28.0 USD. Recommended visit: 7 hours. Discover Hong Kong Lego Adventure Hub, a notable theme park in Hong Kong, Hong Kong, ideal for visitors. Open 10:00-20:00, entry 28.0 USD.","['Restrooms', 'Information Desk', 'Restaurant', 'Souvenir Shop', 'First Aid Station', 'Luggage Storage', 'city passes', 'self-guided tours', 'private tours', 'skip the line passes', 'VIP exclusive events', 'group tours', 'security', 'night markets', 'bars', 'evening shows', 'scenic spots', 'sunset cruises', 'special couples experiences', 'photo spots', 'guided photo tours', 'charging stations']",Theme Park/Amusement Park,7 hours,3.75,"['Nightlife Enthusiast', 'Fast-Paced Budget Travel', 'couples trip', 'Solo Woman Travelers', 'Luxury Travelers', 'Photography']",Hong Kong
20,Hong Kong,Skyline 100 Hong Kong Observation Deck,"123 Canton Road, Central Hong Kong",114.365483,22.471829,09:00-22:00,8.26,"Skyline 100 Hong Kong Observation Deck is a nature in Hong Kong, Hong Kong, popular for its natural scenery and relaxing atmosphere. Entry fee is 8.26 USD. Recommended visit: 3 hours. Discover Skyline 100 Hong Kong Observation Deck, a peaceful nature in Hong Kong, Hong Kong, ideal for nature lovers. Open 09:00-22:00, entry 8.26 USD.","['Restrooms', 'Information Desk', 'Restaurant', 'Souvenir Shop', 'First Aid Station', 'Luggage Storage', 'city passes', 'self-guided tours', 'private tours', 'skip the line passes', 'VIP exclusive events', 'scenic spots', 'sunset cruises', 'special couples experiences', 'parking', 'ramps', 'elevators', 'wheelchair rentals', 'accessible restrooms', 'photo spots', 'guided photo tours', 'charging stations']",Nature/Scenery/Park,3 hours,3.7,"['Road trip', 'Disabled Travelers', 'Fast-Paced Budget Travel', 'couples trip', 'Luxury Travelers', 'Photography']",Hong Kong
21,Hong Kong,Hong Kong Urban Trail,"345 Victoria Harbour Road, Central",114.261149,22.258826,08:30-19:00,16.8,"Hong Kong Urban Trail is a historic site in Hong Kong, Hong Kong, popular for its memorable experiences. Entry fee is 16.8 USD. Recommended visit: 2 hours. Discover Hong Kong Urban Trail, a notable historic site in Hong Kong, Hong Kong, ideal for visitors. Open 08:30-19:00, entry 16.8 USD.","['Restrooms', 'Information Desk', 'Restaurant', 'Souvenir Shop', 'First Aid Station', 'Luggage Storage', 'group tours', 'security', 'food markets', 'tasting tours', 'scenic spots', 'sunset cruises', 'special couples experiences', 'parking', 'photo spots', 'guided photo tours', 'charging stations', 'wheelchair rental', 'benches/rest areas']",Historic Site/Landmark,2 hours,3.5,"['Road trip', 'Elderly Travelers', 'couples trip', 'Solo Woman Travelers', 'foodie', 'Photography']",Hong Kong
22,Hong Kong,Hong Kong K11 Artisan,"123A Mody Road, Wan Chai",114.015837,22.525381,10:00-22:00,24.92,"Hong Kong K11 Artisan is a museum in Hong Kong, Hong Kong, popular for its unique collections and exhibitions. Entry fee is 24.92 USD. Recommended visit: 2 hours. Discover Hong Kong K11 Artisan, a renowned museum in Hong Kong, Hong Kong, ideal for art lovers. Open 10:00-22:00, entry 24.92 USD.","['Restrooms', 'Information Desk', 'Restaurant', 'Souvenir Shop', 'First Aid Station', 'Luggage Storage', 'pet-friendly', 'pet water stations', 'pet rest area', 'city passes', 'self-guided tours', 'family restrooms', 'nursing facilities', 'parking', 'ramps', 'elevators', 'wheelchair rentals', 'accessible restrooms', 'high speed WiFi']",Museum/Art Gallery,2 hours,4.0,"['Family with children', 'Road trip', 'Pet Owners', 'Disabled Travelers', 'Fast-Paced Budget Travel']",Hong Kong
23,Hong Kong,Hong Kong Tramway Trolley,"188 Queen's Road East, Central",114.195429,22.218084,08:00-20:00,4.2,"Hong Kong Tramway Trolley is a historic site in Hong Kong, Hong Kong, popular for its memorable experiences. Entry fee is 4.2 USD. Recommended visit: 2 hours. Discover Hong Kong Tramway Trolley, a notable historic site in Hong Kong, Hong Kong, ideal for visitors. Open 08:00-20:00, entry 4.2 USD.","['Restrooms', 'Information Desk', 'Restaurant', 'Souvenir Shop', 'First Aid Station', 'Luggage Storage', 'city passes', 'self-guided tours', 'group tours', 'security', 'food markets', 'tasting tours', 'family restrooms', 'nursing facilities', 'ramps', 'elevators', 'wheelchair rentals', 'accessible restrooms', 'photo spots', 'guided photo tours', 'charging stations']",Historic Site/Landmark,2 hours,3.5,"['Family with children', 'Disabled Travelers', 'Fast-Paced Budget Travel', 'Solo Woman Travelers', 'foodie', 'Photography']",Hong Kong
24,Hong Kong,Hong Kong Oceanic Park Water World,"156 Harbour Road, Wan Chai",113.891956,22.437041,10:00-22:00,18.9,"Hong Kong Oceanic Park Water World is a theme park in Hong Kong, Hong Kong, popular for its memorable experiences. Entry fee is 18.9 USD. Recommended visit: 7 hours. Discover Hong Kong Oceanic Park Water World, a notable theme park in Hong Kong, Hong Kong, ideal for visitors. Open 10:00-22:00, entry 18.9 USD.","['Restrooms', 'Information Desk', 'Restaurant', 'Souvenir Shop', 'First Aid Station', 'Luggage Storage', 'pet-friendly', 'pet water stations', 'pet rest area', 'group tours', 'security', 'night markets', 'bars', 'evening shows', 'scenic spots', 'sunset cruises', 'special couples experiences', 'high speed WiFi', 'wheelchair rental', 'benches/rest areas']",Theme Park/Amusement Park,7 hours,3.75,"['Elderly Travelers', 'Pet Owners', 'Nightlife Enthusiast', 'couples trip', 'Solo Woman Travelers']",Hong Kong
25,Hong Kong,Hong Kong Space Exploration Center,"258 Science Avenue, Causeway Bay",113.993776,22.513341,10:00-20:00,26.6,"Hong Kong Space Exploration Center is a museum in Hong Kong, Hong Kong, popular for its unique collections and exhibitions. Entry fee is 26.6 USD. Recommended visit: 2 hours. Discover Hong Kong Space Exploration Center, a renowned museum in Hong Kong, Hong Kong, ideal for art lovers. Open 10:00-20:00, entry 26.6 USD.","['Restrooms', 'Information Desk', 'Restaurant', 'Souvenir Shop', 'First Aid Station', 'Luggage Storage', 'private tours', 'skip the line passes', 'VIP exclusive events', 'food markets', 'tasting tours', 'family restrooms', 'nursing facilities', 'parking', 'ramps', 'elevators', 'wheelchair rentals', 'accessible restrooms', 'high speed WiFi']",Museum/Art Gallery,2 hours,4.0,"['Family with children', 'Road trip', 'Disabled Travelers', 'Luxury Travelers', 'foodie']",Hong Kong
26,Hong Kong,Hong Kong Ferry Terminal,"188 Nathan Road, Kowloon",114.033167,22.251151,06:00-22:00,7.0,"Hong Kong Ferry Terminal is a historic site in Hong Kong, Hong Kong, popular for its memorable experiences. Entry fee is 7.0 USD. Recommended visit: 2 hours. Discover Hong Kong Ferry Terminal, a notable historic site in Hong Kong, Hong Kong, ideal for visitors. Open 06:00-22:00, entry 7.0 USD.","['Restrooms', 'Information Desk', 'Restaurant', 'Souvenir Shop', 'First Aid Station', 'Luggage Storage', 'pet-friendly', 'pet water stations', 'pet rest area', 'private tours', 'skip the line passes', 'VIP exclusive events', 'night markets', 'bars', 'evening shows', 'family restrooms', 'nursing facilities', 'ramps', 'elevators', 'wheelchair rentals', 'accessible restrooms', 'photo spots', 'guided photo tours', 'charging stations']",Historic Site/Landmark,2 hours,3.5,"['Family with children', 'Pet Owners', 'Nightlife Enthusiast', 'Disabled Travelers', 'Luxury Travelers', 'Photography']",Hong Kong
27,Hong Kong,Lan Gui Walk,"156 Queen's Road Central, Hong Kong",114.194616,22.408386,11:00-23:00,11.9,"Lan Gui Walk is a historic site in Hong Kong, Hong Kong, popular for its memorable experiences. Entry fee is 11.9 USD. Recommended visit: 2 hours. Discover Lan Gui Walk, a notable historic site in Hong Kong, Hong Kong, ideal for visitors. Open 11:00-23:00, entry 11.9 USD.","['Restrooms', 'Information Desk', 'Restaurant', 'Souvenir Shop', 'First Aid Station', 'Luggage Storage', 'city passes', 'self-guided tours', 'group tours', 'security', 'family restrooms', 'nursing facilities', 'ramps', 'elevators', 'wheelchair rentals', 'accessible restrooms', 'high speed WiFi', 'wheelchair rental', 'benches/rest areas']",Historic Site/Landmark,2 hours,3.5,"['Family with children', 'Elderly Travelers', 'Disabled Travelers', 'Fast-Paced Budget Travel', 'Solo Woman Travelers']",Hong Kong
28,Hong Kong,Hong Kong Hike Trail,"Lantau Island Nature Reserve, Tung Chung",114.134441,22.237953,08:00-17:00,27.86,"Hong Kong Hike Trail is a nature in Hong Kong, Hong Kong, popular for its natural scenery and relaxing atmosphere. Entry fee is 27.86 USD. Recommended visit: 3 hours. Discover Hong Kong Hike Trail, a peaceful nature in Hong Kong, Hong Kong, ideal for nature lovers. Open 08:00-17:00, entry 27.86 USD.","['Restrooms', 'Information Desk', 'Restaurant', 'Souvenir Shop', 'First Aid Station', 'Luggage Storage', 'food markets', 'tasting tours', 'night markets', 'bars', 'evening shows', 'parking', 'high speed WiFi', 'photo spots', 'guided photo tours', 'charging stations', 'wheelchair rental', 'benches/rest areas']",Nature/Scenery/Park,3 hours,3.7,"['Road trip', 'Elderly Travelers', 'Nightlife Enthusiast', 'foodie', 'Photography']",Hong Kong
29,Hong Kong,Sze Chak Yuen Huang Da Xian Temple,"321 Wong Nai Chung Road, Wong Tai Sin",113.976529,22.360518,08:00-18:00,11.34,"Sze Chak Yuen Huang Da Xian Temple is a historic site in Hong Kong, Hong Kong, popular for its memorable experiences. Entry fee is 11.34 USD. Recommended visit: 2 hours. Discover Sze Chak Yuen Huang Da Xian Temple, a notable historic site in Hong Kong, Hong Kong, ideal for visitors. Open 08:00-18:00, entry 11.34 USD.","['Restrooms', 'Information Desk', 'Restaurant', 'Souvenir Shop', 'First Aid Station', 'Luggage Storage', 'pet-friendly', 'pet water stations', 'pet rest area', 'city passes', 'self-guided tours', 'private tours', 'skip the line passes', 'VIP exclusive events', 'parking', 'ramps', 'elevators', 'wheelchair rentals', 'accessible restrooms', 'high speed WiFi']",Historic Site/Landmark,2 hours,3.5,"['Road trip', 'Pet Owners', 'Disabled Travelers', 'Fast-Paced Budget Travel', 'Luxury Travelers']",Hong Kong
30,Hong Kong,West Nine Cultural Hub,"258 Cultural Avenue, Causeway Bay",113.954003,22.365721,10:00-22:00,9.66,"West Nine Cultural Hub is a museum in Hong Kong, Hong Kong, popular for its unique collections and exhibitions. Entry fee is 9.66 USD. Recommended visit: 2 hours. Discover West Nine Cultural Hub, a renowned museum in Hong Kong, Hong Kong, ideal for art lovers. Open 10:00-22:00, entry 9.66 USD.","['Restrooms', 'Information Desk', 'Restaurant', 'Souvenir Shop', 'First Aid Station', 'Luggage Storage', 'pet-friendly', 'pet water stations', 'pet rest area', 'food markets', 'tasting tours', 'night markets', 'bars', 'evening shows', 'parking', 'high speed WiFi', 'photo spots', 'guided photo tours', 'charging stations']",Museum/Art Gallery,2 hours,4.0,"['Road trip', 'Pet Owners', 'Nightlife Enthusiast', 'foodie', 'Photography']",Hong Kong
31,Hong Kong,Starlight Promenade,"158 Harbour Road, Hong Kong Island",114.150335,22.253783,08:30-20:00,10.5,"Starlight Promenade is a nature in Hong Kong, Hong Kong, popular for its natural scenery and relaxing atmosphere. Entry fee is 10.5 USD. Recommended visit: 3 hours. Discover Starlight Promenade, a peaceful nature in Hong Kong, Hong Kong, ideal for nature lovers. Open 08:30-20:00, entry 10.5 USD.","['Restrooms', 'Information Desk', 'Restaurant', 'Souvenir Shop', 'First Aid Station', 'Luggage Storage', 'food markets', 'tasting tours', 'night markets', 'bars', 'evening shows', 'ramps', 'elevators', 'wheelchair rentals', 'accessible restrooms', 'high speed WiFi', 'photo spots', 'guided photo tours', 'charging stations', 'wheelchair rental', 'benches/rest areas']",Nature/Scenery/Park,3 hours,3.7,"['Elderly Travelers', 'Nightlife Enthusiast', 'Disabled Travelers', 'foodie', 'Photography']",Hong Kong
32,Hong Kong,Ling Xiao Pavilion,"125 Queen's Road Central, Hong Kong",114.196804,22.327376,09:00-18:00,11.2,"Ling Xiao Pavilion is a museum in Hong Kong, Hong Kong, popular for its unique collections and exhibitions. Entry fee is 11.2 USD. Recommended visit: 2 hours. Discover Ling Xiao Pavilion, a renowned museum in Hong Kong, Hong Kong, ideal for art lovers. Open 09:00-18:00, entry 11.2 USD.","['Restrooms', 'Information Desk', 'Restaurant', 'Souvenir Shop', 'First Aid Station', 'Luggage Storage', 'pet-friendly', 'pet water stations', 'pet rest area', 'private tours', 'skip the line passes', 'VIP exclusive events', 'group tours', 'security', 'family restrooms', 'nursing facilities', 'parking', 'photo spots', 'guided photo tours', 'charging stations']",Museum/Art Gallery,2 hours,4.0,"['Family with children', 'Road trip', 'Pet Owners', 'Solo Woman Travelers', 'Luxury Travelers', 'Photography']",Hong Kong
33,Hong Kong,Fantasy Land Dream World,"156 Ocean Road, Wan Chai",114.351476,22.210751,10:00-22:00,29.12,"Fantasy Land Dream World is a theme park in Hong Kong, Hong Kong, popular for its memorable experiences. Entry fee is 29.12 USD. Recommended visit: 7 hours. Discover Fantasy Land Dream World, a notable theme park in Hong Kong, Hong Kong, ideal for visitors. Open 10:00-22:00, entry 29.12 USD.","['Restrooms', 'Information Desk', 'Restaurant', 'Souvenir Shop', 'First Aid Station', 'Luggage Storage', 'city passes', 'self-guided tours', 'group tours', 'security', 'food markets', 'tasting tours', 'family restrooms', 'nursing facilities', 'parking', 'ramps', 'elevators', 'wheelchair rentals', 'accessible restrooms']",Theme Park/Amusement Park,7 hours,3.75,"['Family with children', 'Road trip', 'Disabled Travelers', 'Fast-Paced Budget Travel', 'Solo Woman Travelers', 'foodie']",Hong Kong
34,Hong Kong,Shallow Bay Beach Resort,"156A Tai Tam Road, Tai Tam, Hong Kong",113.81904,22.441686,08:00-18:00,22.68,"Shallow Bay Beach Resort is a nature in Hong Kong, Hong Kong, popular for its natural scenery and relaxing atmosphere. Entry fee is 22.68 USD. Recommended visit: 3 hours. Discover Shallow Bay Beach Resort, a peaceful nature in Hong Kong, Hong Kong, ideal for nature lovers. Open 08:00-18:00, entry 22.68 USD.","['Restrooms', 'Information Desk', 'Restaurant', 'Souvenir Shop', 'First Aid Station', 'Luggage Storage', 'pet-friendly', 'pet water stations', 'pet rest area', 'city passes', 'self-guided tours', 'private tours', 'skip the line passes', 'VIP exclusive events', 'food markets', 'tasting tours', 'night markets', 'bars', 'evening shows', 'ramps', 'elevators', 'wheelchair rentals', 'accessible restrooms']",Nature/Scenery/Park,3 hours,3.7,"['Pet Owners', 'Nightlife Enthusiast', 'Disabled Travelers', 'Fast-Paced Budget Travel', 'Luxury Travelers', 'foodie']",Hong Kong
35,Hong Kong,Nayia Island Viewpoint,"156 Victoria Harbour Road, Hong Kong Island",114.054175,22.271633,08:00-20:00,7.0,"Nayia Island Viewpoint is a nature in Hong Kong, Hong Kong, popular for its natural scenery and relaxing atmosphere. Entry fee is 7.0 USD. Recommended visit: 3 hours. Discover Nayia Island Viewpoint, a peaceful nature in Hong Kong, Hong Kong, ideal for nature lovers. Open 08:00-20:00, entry 7.0 USD.","['Restrooms', 'Information Desk', 'Restaurant', 'Souvenir Shop', 'First Aid Station', 'Luggage Storage', 'pet-friendly', 'pet water stations', 'pet rest area', 'city passes', 'self-guided tours', 'private tours', 'skip the line passes', 'VIP exclusive events', 'parking', 'high speed WiFi', 'wheelchair rental', 'benches/rest areas']",Nature/Scenery/Park,3 hours,3.7,"['Road trip', 'Elderly Travelers', 'Pet Owners', 'Fast-Paced Budget Travel', 'Luxury Travelers']",Hong Kong
36,Hong Kong,Hong Kong Asia Tour Concert - Ayumi Hamasaki 2025,"156 Queen's Road Central, Hong Kong",113.881164,22.524878,08:00-23:00,53.2,"Hong Kong Asia Tour Concert - Ayumi Hamasaki 2025 is a theme park in Hong Kong, Hong Kong, popular for its memorable experiences. Entry fee is 53.2 USD. Recommended visit: 8 hours. Discover Hong Kong Asia Tour Concert - Ayumi Hamasaki 2025, a notable theme park in Hong Kong, Hong Kong, ideal for visitors. Open 08:00-23:00, entry 53.2 USD.","['Restrooms', 'Information Desk', 'Restaurant', 'Souvenir Shop', 'First Aid Station', 'Luggage Storage', 'city passes', 'self-guided tours', 'private tours', 'skip the line passes', 'VIP exclusive events', 'night markets', 'bars', 'evening shows', 'parking', 'ramps', 'elevators', 'wheelchair rentals', 'accessible restrooms', 'wheelchair rental', 'benches/rest areas']",Theme Park/Amusement Park,8 hours,3.75,"['Road trip', 'Elderly Travelers', 'Nightlife Enthusiast', 'Disabled Travelers', 'Fast-Paced Budget Travel', 'Luxury Travelers']",Hong Kong
37,Hong Kong,Hong Kong Starlight Concert Series,"256 Victoria Harbour Promenade, Wan Chai",114.042318,22.515312,19:00-23:00,14.98,"Hong Kong Starlight Concert Series is a nature in Hong Kong, Hong Kong, popular for its natural scenery and relaxing atmosphere. Entry fee is 14.98 USD. Recommended visit: 3 hours. Discover Hong Kong Starlight Concert Series, a peaceful nature in Hong Kong, Hong Kong, ideal for nature lovers. Open 19:00-23:00, entry 14.98 USD.","['Restrooms', 'Information Desk', 'Restaurant', 'Souvenir Shop', 'First Aid Station', 'Luggage Storage', 'city passes', 'self-guided tours', 'food markets', 'tasting tours', 'scenic spots', 'sunset cruises', 'special couples experiences', 'night markets', 'bars', 'evening shows', 'high speed WiFi', 'photo spots', 'guided photo tours', 'charging stations']",Nature/Scenery/Park,3 hours,3.7,"['Nightlife Enthusiast', 'Fast-Paced Budget Travel', 'couples trip', 'foodie', 'Photography']",Hong Kong
38,Hong Kong,Temple Street Night Market,"156 Queen's Road Central, Hong Kong",114.090404,22.312888,17:00-02:00,12.32,"Temple Street Night Market is a nature in Hong Kong, Hong Kong, popular for its natural scenery and relaxing atmosphere. Entry fee is 12.32 USD. Recommended visit: 3 hours. Discover Temple Street Night Market, a peaceful nature in Hong Kong, Hong Kong, ideal for nature lovers. Open 17:00-02:00, entry 12.32 USD.","['Restrooms', 'Information Desk', 'Restaurant', 'Souvenir Shop', 'First Aid Station', 'Luggage Storage', 'food markets', 'tasting tours', 'scenic spots', 'sunset cruises', 'special couples experiences', 'parking', 'ramps', 'elevators', 'wheelchair rentals', 'accessible restrooms', 'photo spots', 'guided photo tours', 'charging stations', 'wheelchair rental', 'benches/rest areas']",Nature/Scenery/Park,3 hours,3.7,"['Road trip', 'Elderly Travelers', 'Disabled Travelers', 'couples trip', 'foodie', 'Photography']",Hong Kong
39,Hong Kong,Hong Kong Noah's Ark,"256 Harbour Road, Wan Chai",113.99423,22.259784,09:00-21:00,4.2,"Hong Kong Noah's Ark is a museum in Hong Kong, Hong Kong, popular for its unique collections and exhibitions. Entry fee is 4.2 USD. Recommended visit: 2 hours. Discover Hong Kong Noah's Ark, a renowned museum in Hong Kong, Hong Kong, ideal for art lovers. Open 09:00-21:00, entry 4.2 USD.","['Restrooms', 'Information Desk', 'Restaurant', 'Souvenir Shop', 'First Aid Station', 'Luggage Storage', 'pet-friendly', 'pet water stations', 'pet rest area', 'night markets', 'bars', 'evening shows', 'scenic spots', 'sunset cruises', 'special couples experiences', 'parking', 'ramps', 'elevators', 'wheelchair rentals', 'accessible restrooms', 'wheelchair rental', 'benches/rest areas']",Museum/Art Gallery,2 hours,4.0,"['Road trip', 'Elderly Travelers', 'Pet Owners', 'Nightlife Enthusiast', 'Disabled Travelers', 'couples trip']",Hong Kong
40,Hong Kong,Zhangbaozi Heritage Cruise,"256 Victoria Harbour Road, Hong Kong Island",114.136113,22.253581,09:30-17:30,4.2,"Zhangbaozi Heritage Cruise is a historic site in Hong Kong, Hong Kong, popular for its memorable experiences. Entry fee is 4.2 USD. Recommended visit: 2 hours. Discover Zhangbaozi Heritage Cruise, a notable historic site in Hong Kong, Hong Kong, ideal for visitors. Open 09:30-17:30, entry 4.2 USD.","['Restrooms', 'Information Desk', 'Restaurant', 'Souvenir Shop', 'First Aid Station', 'Luggage Storage', 'city passes', 'self-guided tours', 'private tours', 'skip the line passes', 'VIP exclusive events', 'food markets', 'tasting tours', 'scenic spots', 'sunset cruises', 'special couples experiences', 'night markets', 'bars', 'evening shows', 'family restrooms', 'nursing facilities']",Historic Site/Landmark,2 hours,3.5,"['Family with children', 'Nightlife Enthusiast', 'Fast-Paced Budget Travel', 'couples trip', 'Luxury Travelers', 'foodie']",Hong Kong
41,Hong Kong,Kennedy Town Promenade,"125 Nathan Road, Central",114.31455,22.513803,08:00-22:00,11.2,"Kennedy Town Promenade is a nature in Hong Kong, Hong Kong, popular for its natural scenery and relaxing atmosphere. Entry fee is 11.2 USD. Recommended visit: 3 hours. Discover Kennedy Town Promenade, a peaceful nature in Hong Kong, Hong Kong, ideal for nature lovers. Open 08:00-22:00, entry 11.2 USD.","['Restrooms', 'Information Desk', 'Restaurant', 'Souvenir Shop', 'First Aid Station', 'Luggage Storage', 'scenic spots', 'sunset cruises', 'special couples experiences', 'family restrooms', 'nursing facilities', 'parking', 'ramps', 'elevators', 'wheelchair rentals', 'accessible restrooms', 'high speed WiFi', 'photo spots', 'guided photo tours', 'charging stations']",Nature/Scenery/Park,3 hours,3.7,"['Family with children', 'Road trip', 'Disabled Travelers', 'couples trip', 'Photography']",Hong Kong
42,Hong Kong,Dau Au Heritage Village,"256 Victoria Harbour Road, Wong Tai Sin",113.935149,22.558742,08:30-17:00,13.72,"Dau Au Heritage Village is a historic site in Hong Kong, Hong Kong, popular for its memorable experiences. Entry fee is 13.72 USD. Recommended visit: 2 hours. Discover Dau Au Heritage Village, a notable historic site in Hong Kong, Hong Kong, ideal for visitors. Open 08:30-17:00, entry 13.72 USD.","['Restrooms', 'Information Desk', 'Restaurant', 'Souvenir Shop', 'First Aid Station', 'Luggage Storage', 'pet-friendly', 'pet water stations', 'pet rest area', 'night markets', 'bars', 'evening shows', 'family restrooms', 'nursing facilities', 'high speed WiFi', 'photo spots', 'guided photo tours', 'charging stations', 'wheelchair rental', 'benches/rest areas']",Historic Site/Landmark,2 hours,3.5,"['Family with children', 'Elderly Travelers', 'Pet Owners', 'Nightlife Enthusiast', 'Photography']",Hong Kong
43,Hong Kong,Harmony of the Harbour Lights Show,"256 Victoria Harbour Promenade, Central",113.867911,22.325742,18:00-23:00,3.36,"Harmony of the Harbour Lights Show is a nature in Hong Kong, Hong Kong, popular for its natural scenery and relaxing atmosphere. Entry fee is 3.36 USD. Recommended visit: 3 hours. Discover Harmony of the Harbour Lights Show, a peaceful nature in Hong Kong, Hong Kong, ideal for nature lovers. Open 18:00-23:00, entry 3.36 USD.","['Restrooms', 'Information Desk', 'Restaurant', 'Souvenir Shop', 'First Aid Station', 'Luggage Storage', 'city passes', 'self-guided tours', 'group tours', 'security', 'food markets', 'tasting tours', 'night markets', 'bars', 'evening shows', 'ramps', 'elevators', 'wheelchair rentals', 'accessible restrooms', 'high speed WiFi']",Nature/Scenery/Park,3 hours,3.7,"['Nightlife Enthusiast', 'Disabled Travelers', 'Fast-Paced Budget Travel', 'Solo Woman Travelers', 'foodie']",Hong Kong
44,Hong Kong,Hong Kong BabyMetal Live 2025 Asia Tour,"156 Nathan Road, Kowloon",114.036829,22.439811,08:00-23:00,628.6,"Hong Kong BabyMetal Live 2025 Asia Tour is a theme park in Hong Kong, Hong Kong, popular for its memorable experiences. Entry fee is 628.6 USD. Recommended visit: 8 hours. Discover Hong Kong BabyMetal Live 2025 Asia Tour, a notable theme park in Hong Kong, Hong Kong, ideal for visitors. Open 08:00-23:00, entry 628.6 USD.","['Restrooms', 'Information Desk', 'Restaurant', 'Souvenir Shop', 'First Aid Station', 'Luggage Storage', 'city passes', 'self-guided tours', 'scenic spots', 'sunset cruises', 'special couples experiences', 'family restrooms', 'nursing facilities', 'parking', 'ramps', 'elevators', 'wheelchair rentals', 'accessible restrooms', 'photo spots', 'guided photo tours', 'charging stations']",Theme Park/Amusement Park,8 hours,3.75,"['Family with children', 'Road trip', 'Disabled Travelers', 'Fast-Paced Budget Travel', 'couples trip', 'Photography']",Hong Kong
45,Hong Kong,Hong Kong · NCT DREAM 'Dreamscape' Concert Experience,"256 Victoria Harbour Promenade, Central, Hong Kong",114.025581,22.349278,08:00-23:00,17.5,"Hong Kong · NCT DREAM 'Dreamscape' Concert Experience is a theme park in Hong Kong, Hong Kong, popular for its memorable experiences. Entry fee is 17.5 USD. Recommended visit: 6 hours. Discover Hong Kong · NCT DREAM 'Dreamscape' Concert Experience, a notable theme park in Hong Kong, Hong Kong, ideal for visitors. Open 08:00-23:00, entry 17.5 USD.","['Restrooms', 'Information Desk', 'Restaurant', 'Souvenir Shop', 'First Aid Station', 'Luggage Storage', 'pet-friendly', 'pet water stations', 'pet rest area', 'group tours', 'security', 'scenic spots', 'sunset cruises', 'special couples experiences', 'night markets', 'bars', 'evening shows', 'ramps', 'elevators', 'wheelchair rentals', 'accessible restrooms', 'photo spots', 'guided photo tours', 'charging stations']",Theme Park/Amusement Park,6 hours,3.75,"['Pet Owners', 'Nightlife Enthusiast', 'Disabled Travelers', 'couples trip', 'Solo Woman Travelers', 'Photography']",Hong Kong
46,Hong Kong,Star Ferry Terminal,"158 Nathan Road, Kowloon",114.160419,22.539811,06:30-22:00,4.2,"Star Ferry Terminal is a historic site in Hong Kong, Hong Kong, popular for its memorable experiences. Entry fee is 4.2 USD. Recommended visit: 2 hours. Discover Star Ferry Terminal, a notable historic site in Hong Kong, Hong Kong, ideal for visitors. Open 06:30-22:00, entry 4.2 USD.","['Restrooms', 'Information Desk', 'Restaurant', 'Souvenir Shop', 'First Aid Station', 'Luggage Storage', 'pet-friendly', 'pet water stations', 'pet rest area', 'city passes', 'self-guided tours', 'group tours', 'security', 'scenic spots', 'sunset cruises', 'special couples experiences', 'high speed WiFi', 'photo spots', 'guided photo tours', 'charging stations']",Historic Site/Landmark,2 hours,3.5,"['Pet Owners', 'Fast-Paced Budget Travel', 'couples trip', 'Solo Woman Travelers', 'Photography']",Hong Kong
47,Hong Kong,Eastern Pearl • Victoria Harbour Cruise,"321 Harbour View Road, Central",114.09526,22.305279,08:30-20:00,25.9,"Eastern Pearl • Victoria Harbour Cruise is a nature in Hong Kong, Hong Kong, popular for its natural scenery and relaxing atmosphere. Entry fee is 25.9 USD. Recommended visit: 3 hours. Discover Eastern Pearl • Victoria Harbour Cruise, a peaceful nature in Hong Kong, Hong Kong, ideal for nature lovers. Open 08:30-20:00, entry 25.9 USD.","['Restrooms', 'Information Desk', 'Restaurant', 'Souvenir Shop', 'First Aid Station', 'Luggage Storage', 'city passes', 'self-guided tours', 'private tours', 'skip the line passes', 'VIP exclusive events', 'scenic spots', 'sunset cruises', 'special couples experiences', 'family restrooms', 'nursing facilities', 'high speed WiFi', 'photo spots', 'guided photo tours', 'charging stations']",Nature/Scenery/Park,3 hours,3.7,"['Family with children', 'Fast-Paced Budget Travel', 'couples trip', 'Luxury Travelers', 'Photography']",Hong Kong
48,Hong Kong,Open-Top City Tour Bus,"156 Nathan Road, Kowloon",114.137191,22.168421,09:00-18:00,7.7,"Open-Top City Tour Bus is a nature in Hong Kong, Hong Kong, popular for its natural scenery and relaxing atmosphere. Entry fee is 7.7 USD. Recommended visit: 3 hours. Discover Open-Top City Tour Bus, a peaceful nature in Hong Kong, Hong Kong, ideal for nature lovers. Open 09:00-18:00, entry 7.7 USD.","['Restrooms', 'Information Desk', 'Restaurant', 'Souvenir Shop', 'First Aid Station', 'Luggage Storage', 'pet-friendly', 'pet water stations', 'pet rest area', 'private tours', 'skip the line passes', 'VIP exclusive events', 'group tours', 'security', 'night markets', 'bars', 'evening shows', 'scenic spots', 'sunset cruises', 'special couples experiences', 'wheelchair rental', 'benches/rest areas']",Nature/Scenery/Park,3 hours,3.7,"['Elderly Travelers', 'Pet Owners', 'Nightlife Enthusiast', 'couples trip', 'Solo Woman Travelers', 'Luxury Travelers']",Hong Kong
49,Hong Kong,Hong Kong Convention and Exhibition Hub,"1 Harbour Road, Wan Chai, Hong Kong",113.87426,22.479792,09:00-21:00,2.8,"Hong Kong Convention and Exhibition Hub is a historic site in Hong Kong, Hong Kong, popular for its memorable experiences. Entry fee is 2.8 USD. Recommended visit: 2 hours. Discover Hong Kong Convention and Exhibition Hub, a notable historic site in Hong Kong, Hong Kong, ideal for visitors. Open 09:00-21:00, entry 2.8 USD.","['Restrooms', 'Information Desk', 'Restaurant', 'Souvenir Shop', 'First Aid Station', 'Luggage Storage', 'city passes', 'self-guided tours', 'night markets', 'bars', 'evening shows', 'scenic spots', 'sunset cruises', 'special couples experiences', 'family restrooms', 'nursing facilities', 'ramps', 'elevators', 'wheelchair rentals', 'accessible restrooms', 'photo spots', 'guided photo tours', 'charging stations']",Historic Site/Landmark,2 hours,3.5,"['Family with children', 'Nightlife Enthusiast', 'Disabled Travelers', 'Fast-Paced Budget Travel', 'couples trip', 'Photography']",Hong Kong
50,Hong Kong,Golden Lantern Square,"156 Nathan Road, Kowloon",114.231606,22.501235,08:00-20:00,5.59,"Golden Lantern Square is a nature in Hong Kong, Hong Kong, popular for its natural scenery and relaxing atmosphere. Entry fee is 5.59 USD. Recommended visit: 3 hours. Discover Golden Lantern Square, a peaceful nature in Hong Kong, Hong Kong, ideal for nature lovers. Open 08:00-20:00, entry 5.59 USD.","['Restrooms', 'Information Desk', 'Restaurant', 'Souvenir Shop', 'First Aid Station', 'Luggage Storage', 'private tours', 'skip the line passes', 'VIP exclusive events', 'group tours', 'security', 'family restrooms', 'nursing facilities', 'parking', 'high speed WiFi', 'wheelchair rental', 'benches/rest areas']",Nature/Scenery/Park,3 hours,3.7,"['Family with children', 'Road trip', 'Elderly Travelers', 'Solo Woman Travelers', 'Luxury Travelers']",Hong Kong
51,Hong Kong,Copper Bell Bay Park,"156 Queen's Road Central, Hong Kong",113.947705,22.45126,08:00-20:00,16.66,"Copper Bell Bay Park is a nature in Hong Kong, Hong Kong, popular for its natural scenery and relaxing atmosphere. Entry fee is 16.66 USD. Recommended visit: 3 hours. Discover Copper Bell Bay Park, a peaceful nature in Hong Kong, Hong Kong, ideal for nature lovers. Open 08:00-20:00, entry 16.66 USD.","['Restrooms', 'Information Desk', 'Restaurant', 'Souvenir Shop', 'First Aid Station', 'Luggage Storage', 'pet-friendly', 'pet water stations', 'pet rest area', 'food markets', 'tasting tours', 'scenic spots', 'sunset cruises', 'special couples experiences', 'family restrooms', 'nursing facilities', 'photo spots', 'guided photo tours', 'charging stations', 'wheelchair rental', 'benches/rest areas']",Nature/Scenery/Park,3 hours,3.7,"['Family with children', 'Elderly Travelers', 'Pet Owners', 'couples trip', 'foodie', 'Photography']",Hong Kong
52,Hong Kong,Hong Kong Football Festival: Liverpool vs AC Milan VIP Experience,"156 Queen's Road Central, Hong Kong",114.223205,22.349186,08:00-22:00,7.0,"Hong Kong Football Festival: Liverpool vs AC Milan VIP Experience is a theme park in Hong Kong, Hong Kong, popular for its memorable experiences. Entry fee is 7.0 USD. Recommended visit: 6 hours. Discover Hong Kong Football Festival: Liverpool vs AC Milan VIP Experience, a notable theme park in Hong Kong, Hong Kong, ideal for visitors. Open 08:00-22:00, entry 7.0 USD.","['Restrooms', 'Information Desk', 'Restaurant', 'Souvenir Shop', 'First Aid Station', 'Luggage Storage', 'pet-friendly', 'pet water stations', 'pet rest area', 'private tours', 'skip the line passes', 'VIP exclusive events', 'group tours', 'security', 'scenic spots', 'sunset cruises', 'special couples experiences', 'night markets', 'bars', 'evening shows', 'family restrooms', 'nursing facilities']",Theme Park/Amusement Park,6 hours,3.75,"['Family with children', 'Pet Owners', 'Nightlife Enthusiast', 'couples trip', 'Solo Woman Travelers', 'Luxury Travelers']",Hong Kong
53,Hong Kong,Asia International Convention Center,"388 Queen's Road Central, Hong Kong",114.35153,22.165172,09:00-18:00,0.0,"Asia International Convention Center is a museum in Hong Kong, Hong Kong, popular for its unique collections and exhibitions. Entry fee is 0.0 USD. Recommended visit: 2 hours. Discover Asia International Convention Center, a renowned museum in Hong Kong, Hong Kong, ideal for art lovers. Open 09:00-18:00, entry 0.0 USD.","['Restrooms', 'Information Desk', 'Restaurant', 'Souvenir Shop', 'First Aid Station', 'Luggage Storage', 'private tours', 'skip the line passes', 'VIP exclusive events', 'night markets', 'bars', 'evening shows', 'scenic spots', 'sunset cruises', 'special couples experiences', 'ramps', 'elevators', 'wheelchair rentals', 'accessible restrooms', 'high speed WiFi', 'photo spots', 'guided photo tours', 'charging stations']",Museum/Art Gallery,2 hours,4.0,"['Nightlife Enthusiast', 'Disabled Travelers', 'couples trip', 'Luxury Travelers', 'Photography']",Hong Kong
54,Hong Kong,Hong Kong Symphony · Love's Journey 2025 Limited Concert,"108A Nathan Road, Tsim Sha Tsui",114.152879,22.374921,19:00-22:00,6.3,"Hong Kong Symphony · Love's Journey 2025 Limited Concert is a museum in Hong Kong, Hong Kong, popular for its unique collections and exhibitions. Entry fee is 6.3 USD. Recommended visit: 2 hours. Discover Hong Kong Symphony · Love's Journey 2025 Limited Concert, a renowned museum in Hong Kong, Hong Kong, ideal for art lovers. Open 19:00-22:00, entry 6.3 USD.","['Restrooms', 'Information Desk', 'Restaurant', 'Souvenir Shop', 'First Aid Station', 'Luggage Storage', 'city passes', 'self-guided tours', 'night markets', 'bars', 'evening shows', 'ramps', 'elevators', 'wheelchair rentals', 'accessible restrooms', 'high speed WiFi', 'photo spots', 'guided photo tours', 'charging stations', 'wheelchair rental', 'benches/rest areas']",Museum/Art Gallery,2 hours,4.0,"['Elderly Travelers', 'Nightlife Enthusiast', 'Disabled Travelers', 'Fast-Paced Budget Travel', 'Photography']",Hong Kong
55,Hong Kong,Hong Kong Harbour Cruise,"158 Nathan Road, Tsim Sha Tsui",113.882469,22.390676,08:30-20:30,7.98,"Hong Kong Harbour Cruise is a nature in Hong Kong, Hong Kong, popular for its natural scenery and relaxing atmosphere. Entry fee is 7.98 USD. Recommended visit: 3 hours. Discover Hong Kong Harbour Cruise, a peaceful nature in Hong Kong, Hong Kong, ideal for nature lovers. Open 08:30-20:30, entry 7.98 USD.","['Restrooms', 'Information Desk', 'Restaurant', 'Souvenir Shop', 'First Aid Station', 'Luggage Storage', 'pet-friendly', 'pet water stations', 'pet rest area', 'private tours', 'skip the line passes', 'VIP exclusive events', 'group tours', 'security', 'scenic spots', 'sunset cruises', 'special couples experiences', 'family restrooms', 'nursing facilities', 'wheelchair rental', 'benches/rest areas']",Nature/Scenery/Park,3 hours,3.7,"['Family with children', 'Elderly Travelers', 'Pet Owners', 'couples trip', 'Solo Woman Travelers', 'Luxury Travelers']",Hong Kong
56,Hong Kong,Hong Kong Science and Discovery Center,"38 Science Museum Road, Wan Chai",114.139273,22.196323,10:00-20:00,14.98,"Hong Kong Science and Discovery Center is a museum in Hong Kong, Hong Kong, popular for its unique collections and exhibitions. Entry fee is 14.98 USD. Recommended visit: 2 hours. Discover Hong Kong Science and Discovery Center, a renowned museum in Hong Kong, Hong Kong, ideal for art lovers. Open 10:00-20:00, entry 14.98 USD.","['Restrooms', 'Information Desk', 'Restaurant', 'Souvenir Shop', 'First Aid Station', 'Luggage Storage', 'pet-friendly', 'pet water stations', 'pet rest area', 'private tours', 'skip the line passes', 'VIP exclusive events', 'group tours', 'security', 'parking', 'ramps', 'elevators', 'wheelchair rentals', 'accessible restrooms', 'high speed WiFi']",Museum/Art Gallery,2 hours,4.0,"['Road trip', 'Pet Owners', 'Disabled Travelers', 'Solo Woman Travelers', 'Luxury Travelers']",Hong Kong
57,Hong Kong,Peak Sky Tower 428,"156 Nathan Road, Tsim Sha Tsui",114.304129,22.424703,09:00-21:00,2.52,"Peak Sky Tower 428 is a nature in Hong Kong, Hong Kong, popular for its natural scenery and relaxing atmosphere. Entry fee is 2.52 USD. Recommended visit: 3 hours. Discover Peak Sky Tower 428, a peaceful nature in Hong Kong, Hong Kong, ideal for nature lovers. Open 09:00-21:00, entry 2.52 USD.","['Restrooms', 'Information Desk', 'Restaurant', 'Souvenir Shop', 'First Aid Station', 'Luggage Storage', 'private tours', 'skip the line passes', 'VIP exclusive events', 'scenic spots', 'sunset cruises', 'special couples experiences', 'family restrooms', 'nursing facilities', 'ramps', 'elevators', 'wheelchair rentals', 'accessible restrooms', 'high speed WiFi', 'photo spots', 'guided photo tours', 'charging stations']",Nature/Scenery/Park,3 hours,3.7,"['Family with children', 'Disabled Travelers', 'couples trip', 'Luxury Travelers', 'Photography']",Hong Kong
58,Hong Kong,Heavenly Buddha Temple,"125 Victoria Harbour Road, Hong Kong Island",113.838536,22.48967,08:00-18:00,5.46,"Heavenly Buddha Temple is a historic site in Hong Kong, Hong Kong, popular for its memorable experiences. Entry fee is 5.46 USD. Recommended visit: 2 hours. Discover Heavenly Buddha Temple, a notable historic site in Hong Kong, Hong Kong, ideal for visitors. Open 08:00-18:00, entry 5.46 USD.","['Restrooms', 'Information Desk', 'Restaurant', 'Souvenir Shop', 'First Aid Station', 'Luggage Storage', 'pet-friendly', 'pet water stations', 'pet rest area', 'city passes', 'self-guided tours', 'group tours', 'security', 'family restrooms', 'nursing facilities', 'parking', 'high speed WiFi']",Historic Site/Landmark,2 hours,3.5,"['Family with children', 'Road trip', 'Pet Owners', 'Fast-Paced Budget Travel', 'Solo Woman Travelers']",Hong Kong
59,Hong Kong,Hong Kong Cultural Gallery,"125 Queen's Road Central, Hong Kong",113.850955,22.501504,10:00-18:00,12.32,"Hong Kong Cultural Gallery is a museum in Hong Kong, Hong Kong, popular for its unique collections and exhibitions. Entry fee is 12.32 USD. Recommended visit: 2 hours. Discover Hong Kong Cultural Gallery, a renowned museum in Hong Kong, Hong Kong, ideal for art lovers. Open 10:00-18:00, entry 12.32 USD.","['Restrooms', 'Information Desk', 'Restaurant', 'Souvenir Shop', 'First Aid Station', 'Luggage Storage', 'pet-friendly', 'pet water stations', 'pet rest area', 'city passes', 'self-guided tours', 'group tours', 'security', 'scenic spots', 'sunset cruises', 'special couples experiences', 'night markets', 'bars', 'evening shows', 'photo spots', 'guided photo tours', 'charging stations']",Museum/Art Gallery,2 hours,4.0,"['Pet Owners', 'Nightlife Enthusiast', 'Fast-Paced Budget Travel', 'couples trip', 'Solo Woman Travelers', 'Photography']",Hong Kong
60,Hong Kong,Tsim Sha Tsui Bell Tower,"58 Queen's Road Central, Hong Kong",114.10496,22.524455,09:00-18:00,13.44,"Tsim Sha Tsui Bell Tower is a historic site in Hong Kong, Hong Kong, popular for its memorable experiences. Entry fee is 13.44 USD. Recommended visit: 2 hours. Discover Tsim Sha Tsui Bell Tower, a notable historic site in Hong Kong, Hong Kong, ideal for visitors. Open 09:00-18:00, entry 13.44 USD.","['Restrooms', 'Information Desk', 'Restaurant', 'Souvenir Shop', 'First Aid Station', 'Luggage Storage', 'pet-friendly', 'pet water stations', 'pet rest area', 'private tours', 'skip the line passes', 'VIP exclusive events', 'scenic spots', 'sunset cruises', 'special couples experiences', 'ramps', 'elevators', 'wheelchair rentals', 'accessible restrooms', 'photo spots', 'guided photo tours', 'charging stations', 'wheelchair rental', 'benches/rest areas']",Historic Site/Landmark,2 hours,3.5,"['Elderly Travelers', 'Pet Owners', 'Disabled Travelers', 'couples trip', 'Luxury Travelers', 'Photography']",Hong Kong
61,Hong Kong,West Nine Cultural Garden,"256 Garden Road, Central Hong Kong",113.849416,22.21371,08:30-20:00,26.46,"West Nine Cultural Garden is a museum in Hong Kong, Hong Kong, popular for its unique collections and exhibitions. Entry fee is 26.46 USD. Recommended visit: 2 hours. Discover West Nine Cultural Garden, a renowned museum in Hong Kong, Hong Kong, ideal for art lovers. Open 08:30-20:00, entry 26.46 USD.","['Restrooms', 'Information Desk', 'Restaurant', 'Souvenir Shop', 'First Aid Station', 'Luggage Storage', 'city passes', 'self-guided tours', 'private tours', 'skip the line passes', 'VIP exclusive events', 'group tours', 'security', 'scenic spots', 'sunset cruises', 'special couples experiences', 'ramps', 'elevators', 'wheelchair rentals', 'accessible restrooms', 'high speed WiFi']",Museum/Art Gallery,2 hours,4.0,"['Disabled Travelers', 'Fast-Paced Budget Travel', 'couples trip', 'Solo Woman Travelers', 'Luxury Travelers']",Hong Kong
62,Hong Kong,Wong Chuk Hang Market,"256 Nathan Road, Tsim Sha Tsui",114.374482,22.375534,08:00-22:00,7.0,"Wong Chuk Hang Market is a historic site in Hong Kong, Hong Kong, popular for its memorable experiences. Entry fee is 7.0 USD. Recommended visit: 2 hours. Discover Wong Chuk Hang Market, a notable historic site in Hong Kong, Hong Kong, ideal for visitors. Open 08:00-22:00, entry 7.0 USD.","['Restrooms', 'Information Desk', 'Restaurant', 'Souvenir Shop', 'First Aid Station', 'Luggage Storage', 'city passes', 'self-guided tours', 'scenic spots', 'sunset cruises', 'special couples experiences', 'night markets', 'bars', 'evening shows', 'high speed WiFi', 'photo spots', 'guided photo tours', 'charging stations', 'wheelchair rental', 'benches/rest areas']",Historic Site/Landmark,2 hours,3.5,"['Elderly Travelers', 'Nightlife Enthusiast', 'Fast-Paced Budget Travel', 'couples trip', 'Photography']",Hong Kong
63,Hong Kong,Hong Kong Football Spectacle Arsenal vs Tottenham VIP Experience,"156A Nathan Road, Tsim Sha Tsui",113.980714,22.310237,08:00-22:00,27.72,"Hong Kong Football Spectacle Arsenal vs Tottenham VIP Experience is a theme park in Hong Kong, Hong Kong, popular for its memorable experiences. Entry fee is 27.72 USD. Recommended visit: 7 hours. Discover Hong Kong Football Spectacle Arsenal vs Tottenham VIP Experience, a notable theme park in Hong Kong, Hong Kong, ideal for visitors. Open 08:00-22:00, entry 27.72 USD.","['Restrooms', 'Information Desk', 'Restaurant', 'Souvenir Shop', 'First Aid Station', 'Luggage Storage', 'pet-friendly', 'pet water stations', 'pet rest area', 'private tours', 'skip the line passes', 'VIP exclusive events', 'group tours', 'security', 'food markets', 'tasting tours', 'scenic spots', 'sunset cruises', 'special couples experiences', 'high speed WiFi']",Theme Park/Amusement Park,7 hours,3.75,"['Pet Owners', 'couples trip', 'Solo Woman Travelers', 'Luxury Travelers', 'foodie']",Hong Kong
64,Hong Kong,Qikai Cultural Hub,"345 Tung Chau Street, Kowloon",113.989504,22.387879,09:00-21:00,7.7,"Qikai Cultural Hub is a museum in Hong Kong, Hong Kong, popular for its unique collections and exhibitions. Entry fee is 7.7 USD. Recommended visit: 2 hours. Discover Qikai Cultural Hub, a renowned museum in Hong Kong, Hong Kong, ideal for art lovers. Open 09:00-21:00, entry 7.7 USD.","['Restrooms', 'Information Desk', 'Restaurant', 'Souvenir Shop', 'First Aid Station', 'Luggage Storage', 'pet-friendly', 'pet water stations', 'pet rest area', 'city passes', 'self-guided tours', 'group tours', 'security', 'family restrooms', 'nursing facilities', 'parking', 'wheelchair rental', 'benches/rest areas']",Museum/Art Gallery,2 hours,4.0,"['Family with children', 'Road trip', 'Elderly Travelers', 'Pet Owners', 'Fast-Paced Budget Travel', 'Solo Woman Travelers']",Hong Kong
65,Hong Kong,Chongqing Complex,"567 Harbour Road, Central Hong Kong",113.862593,22.525016,09:00-18:00,16.52,"Chongqing Complex is a historic site in Hong Kong, Hong Kong, popular for its memorable experiences. Entry fee is 16.52 USD. Recommended visit: 2 hours. Discover Chongqing Complex, a notable historic site in Hong Kong, Hong Kong, ideal for visitors. Open 09:00-18:00, entry 16.52 USD.","['Restrooms', 'Information Desk', 'Restaurant', 'Souvenir Shop', 'First Aid Station', 'Luggage Storage', 'pet-friendly', 'pet water stations', 'pet rest area', 'group tours', 'security', 'night markets', 'bars', 'evening shows', 'parking', 'ramps', 'elevators', 'wheelchair rentals', 'accessible restrooms', 'high speed WiFi']",Historic Site/Landmark,2 hours,3.5,"['Road trip', 'Pet Owners', 'Nightlife Enthusiast', 'Disabled Travelers', 'Solo Woman Travelers']",Hong Kong
66,Hong Kong,Mystery Manor,"156 Queen's Road Central, Hong Kong",114.225902,22.247506,10:00-20:00,1.4,"Mystery Manor is a museum in Hong Kong, Hong Kong, popular for its unique collections and exhibitions. Entry fee is 1.4 USD. Recommended visit: 2 hours. Discover Mystery Manor, a renowned museum in Hong Kong, Hong Kong, ideal for art lovers. Open 10:00-20:00, entry 1.4 USD.","['Restrooms', 'Information Desk', 'Restaurant', 'Souvenir Shop', 'First Aid Station', 'Luggage Storage', 'private tours', 'skip the line passes', 'VIP exclusive events', 'food markets', 'tasting tours', 'night markets', 'bars', 'evening shows', 'family restrooms', 'nursing facilities', 'photo spots', 'guided photo tours', 'charging stations', 'wheelchair rental', 'benches/rest areas']",Museum/Art Gallery,2 hours,4.0,"['Family with children', 'Elderly Travelers', 'Nightlife Enthusiast', 'Luxury Travelers', 'foodie', 'Photography']",Hong Kong
67,Hong Kong,Hong Kong Heritage Center,"156 Queen's Road Central, Wan Chai",114.034031,22.386919,10:00-18:00,7.0,"Hong Kong Heritage Center is a historic site in Hong Kong, Hong Kong, popular for its memorable experiences. Entry fee is 7.0 USD. Recommended visit: 2 hours. Discover Hong Kong Heritage Center, a notable historic site in Hong Kong, Hong Kong, ideal for visitors. Open 10:00-18:00, entry 7.0 USD.","['Restrooms', 'Information Desk', 'Restaurant', 'Souvenir Shop', 'First Aid Station', 'Luggage Storage', 'pet-friendly', 'pet water stations', 'pet rest area', 'food markets', 'tasting tours', 'scenic spots', 'sunset cruises', 'special couples experiences', 'parking', 'photo spots', 'guided photo tours', 'charging stations', 'wheelchair rental', 'benches/rest areas']",Historic Site/Landmark,2 hours,3.5,"['Road trip', 'Elderly Travelers', 'Pet Owners', 'couples trip', 'foodie', 'Photography']",Hong Kong
68,Hong Kong,Yam Chau Police Station Museum,"156 Nathan Road, Mong Kok",114.011535,22.460179,09:00-17:30,8.4,"Yam Chau Police Station Museum is a museum in Hong Kong, Hong Kong, popular for its unique collections and exhibitions. Entry fee is 8.4 USD. Recommended visit: 2 hours. Discover Yam Chau Police Station Museum, a renowned museum in Hong Kong, Hong Kong, ideal for art lovers. Open 09:00-17:30, entry 8.4 USD.","['Restrooms', 'Information Desk', 'Restaurant', 'Souvenir Shop', 'First Aid Station', 'Luggage Storage', 'group tours', 'security', 'food markets', 'tasting tours', 'night markets', 'bars', 'evening shows', 'family restrooms', 'nursing facilities', 'parking', 'wheelchair rental', 'benches/rest areas']",Museum/Art Gallery,2 hours,4.0,"['Family with children', 'Road trip', 'Elderly Travelers', 'Nightlife Enthusiast', 'Solo Woman Travelers', 'foodie']",Hong Kong
69,Hong Kong,Hong Kong · LE SSERAFIM 2025《EASY CRAZY HOT》Tour,"156 Nathan Road, Tsim Sha Tsui",113.911231,22.282507,08:00-23:59,13.86,"Hong Kong · LE SSERAFIM 2025《EASY CRAZY HOT》Tour is a theme park in Hong Kong, Hong Kong, popular for its memorable experiences. Entry fee is 13.86 USD. Recommended visit: 6 hours. Discover Hong Kong · LE SSERAFIM 2025《EASY CRAZY HOT》Tour, a notable theme park in Hong Kong, Hong Kong, ideal for visitors. Open 08:00-23:59, entry 13.86 USD.","['Restrooms', 'Information Desk', 'Restaurant', 'Souvenir Shop', 'First Aid Station', 'Luggage Storage', 'city passes', 'self-guided tours', 'food markets', 'tasting tours', 'night markets', 'bars', 'evening shows', 'scenic spots', 'sunset cruises', 'special couples experiences', 'family restrooms', 'nursing facilities', 'ramps', 'elevators', 'wheelchair rentals', 'accessible restrooms']",Theme Park/Amusement Park,6 hours,3.75,"['Family with children', 'Nightlife Enthusiast', 'Disabled Travelers', 'Fast-Paced Budget Travel', 'couples trip', 'foodie']",Hong Kong
70,Hong Kong,Hong Kong · RIIZE 2025《RIIZING LOUD》Asia Tour,"158 Nathan Road, Tsim Sha Tsui",113.954566,22.458154,08:00-23:00,19.32,"Hong Kong · RIIZE 2025《RIIZING LOUD》Asia Tour is a theme park in Hong Kong, Hong Kong, popular for its memorable experiences. Entry fee is 19.32 USD. Recommended visit: 7 hours. Discover Hong Kong · RIIZE 2025《RIIZING LOUD》Asia Tour, a notable theme park in Hong Kong, Hong Kong, ideal for visitors. Open 08:00-23:00, entry 19.32 USD.","['Restrooms', 'Information Desk', 'Restaurant', 'Souvenir Shop', 'First Aid Station', 'Luggage Storage', 'pet-friendly', 'pet water stations', 'pet rest area', 'private tours', 'skip the line passes', 'VIP exclusive events', 'group tours', 'security', 'food markets', 'tasting tours', 'scenic spots', 'sunset cruises', 'special couples experiences', 'wheelchair rental', 'benches/rest areas']",Theme Park/Amusement Park,7 hours,3.75,"['Elderly Travelers', 'Pet Owners', 'couples trip', 'Solo Woman Travelers', 'Luxury Travelers', 'foodie']",Hong Kong
71,Hong Kong,Mackenzie Trail,"158 Chai Wan Road, Tai Po",114.051921,22.516779,07:00-17:00,6.3,"Mackenzie Trail is a nature in Hong Kong, Hong Kong, popular for its natural scenery and relaxing atmosphere. Entry fee is 6.3 USD. Recommended visit: 3 hours. Discover Mackenzie Trail, a peaceful nature in Hong Kong, Hong Kong, ideal for nature lovers. Open 07:00-17:00, entry 6.3 USD.","['Restrooms', 'Information Desk', 'Restaurant', 'Souvenir Shop', 'First Aid Station', 'Luggage Storage', 'food markets', 'tasting tours', 'night markets', 'bars', 'evening shows', 'scenic spots', 'sunset cruises', 'special couples experiences', 'family restrooms', 'nursing facilities', 'high speed WiFi', 'wheelchair rental', 'benches/rest areas']",Nature/Scenery/Park,3 hours,3.7,"['Family with children', 'Elderly Travelers', 'Nightlife Enthusiast', 'couples trip', 'foodie']",Hong Kong
72,Hong Kong,Sai Kung East Country Park,"Hong Kong Country Park, Sai Kung, Hong Kong",114.159312,22.377851,08:00-17:00,21.7,"Sai Kung East Country Park is a nature in Hong Kong, Hong Kong, popular for its natural scenery and relaxing atmosphere. Entry fee is 21.7 USD. Recommended visit: 3 hours. Discover Sai Kung East Country Park, a peaceful nature in Hong Kong, Hong Kong, ideal for nature lovers. Open 08:00-17:00, entry 21.7 USD.","['Restrooms', 'Information Desk', 'Restaurant', 'Souvenir Shop', 'First Aid Station', 'Luggage Storage', 'city passes', 'self-guided tours', 'private tours', 'skip the line passes', 'VIP exclusive events', 'food markets', 'tasting tours', 'night markets', 'bars', 'evening shows', 'high speed WiFi', 'wheelchair rental', 'benches/rest areas']",Nature/Scenery/Park,3 hours,3.7,"['Elderly Travelers', 'Nightlife Enthusiast', 'Fast-Paced Budget Travel', 'Luxury Travelers', 'foodie']",Hong Kong
73,Hong Kong,Hong Kong Ocean Park Sky Lift,"288 Ocean Park Road, Hong Kong Island",113.965608,22.509792,09:00-18:00,27.72,"Hong Kong Ocean Park Sky Lift is a theme park in Hong Kong, Hong Kong, popular for its memorable experiences. Entry fee is 27.72 USD. Recommended visit: 7 hours. Discover Hong Kong Ocean Park Sky Lift, a notable theme park in Hong Kong, Hong Kong, ideal for visitors. Open 09:00-18:00, entry 27.72 USD.","['Restrooms', 'Information Desk', 'Restaurant', 'Souvenir Shop', 'First Aid Station', 'Luggage Storage', 'pet-friendly', 'pet water stations', 'pet rest area', 'city passes', 'self-guided tours', 'food markets', 'tasting tours', 'scenic spots', 'sunset cruises', 'special couples experiences', 'family restrooms', 'nursing facilities', 'wheelchair rental', 'benches/rest areas']",Theme Park/Amusement Park,7 hours,3.75,"['Family with children', 'Elderly Travelers', 'Pet Owners', 'Fast-Paced Budget Travel', 'couples trip', 'foodie']",Hong Kong
74,Hong Kong,Hong Kong Fisherman's Wharf,"388 Nathan Road, Tsim Sha Tsui",114.242499,22.37478,09:00-22:00,4.2,"Hong Kong Fisherman's Wharf is a historic site in Hong Kong, Hong Kong, popular for its memorable experiences. Entry fee is 4.2 USD. Recommended visit: 2 hours. Discover Hong Kong Fisherman's Wharf, a notable historic site in Hong Kong, Hong Kong, ideal for visitors. Open 09:00-22:00, entry 4.2 USD.","['Restrooms', 'Information Desk', 'Restaurant', 'Souvenir Shop', 'First Aid Station', 'Luggage Storage', 'private tours', 'skip the line passes', 'VIP exclusive events', 'group tours', 'security', 'night markets', 'bars', 'evening shows', 'parking', 'ramps', 'elevators', 'wheelchair rentals', 'accessible restrooms', 'wheelchair rental', 'benches/rest areas']",Historic Site/Landmark,2 hours,3.5,"['Road trip', 'Elderly Travelers', 'Nightlife Enthusiast', 'Disabled Travelers', 'Solo Woman Travelers', 'Luxury Travelers']",Hong Kong
75,Hong Kong,Yumate Cultural Hub,"156 Queen's Road East, Wan Chai",113.960731,22.275111,09:00-21:00,8.19,"Yumate Cultural Hub is a museum in Hong Kong, Hong Kong, popular for its unique collections and exhibitions. Entry fee is 8.19 USD. Recommended visit: 2 hours. Discover Yumate Cultural Hub, a renowned museum in Hong Kong, Hong Kong, ideal for art lovers. Open 09:00-21:00, entry 8.19 USD.","['Restrooms', 'Information Desk', 'Restaurant', 'Souvenir Shop', 'First Aid Station', 'Luggage Storage', 'pet-friendly', 'pet water stations', 'pet rest area', 'city passes', 'self-guided tours', 'food markets', 'tasting tours', 'night markets', 'bars', 'evening shows', 'parking', 'wheelchair rental', 'benches/rest areas']",Museum/Art Gallery,2 hours,4.0,"['Road trip', 'Elderly Travelers', 'Pet Owners', 'Nightlife Enthusiast', 'Fast-Paced Budget Travel', 'foodie']",Hong Kong
76,Hong Kong,Hong Kong · BIBI 2025 'EVE' Global Tour Concert,"101 Queen's Road Central, Hong Kong",114.201151,22.383362,08:00-22:00,53.2,"Hong Kong · BIBI 2025 'EVE' Global Tour Concert is a theme park in Hong Kong, Hong Kong, popular for its memorable experiences. Entry fee is 53.2 USD. Recommended visit: 8 hours. Discover Hong Kong · BIBI 2025 'EVE' Global Tour Concert, a notable theme park in Hong Kong, Hong Kong, ideal for visitors. Open 08:00-22:00, entry 53.2 USD.","['Restrooms', 'Information Desk', 'Restaurant', 'Souvenir Shop', 'First Aid Station', 'Luggage Storage', 'pet-friendly', 'pet water stations', 'pet rest area', 'group tours', 'security', 'food markets', 'tasting tours', 'scenic spots', 'sunset cruises', 'special couples experiences', 'family restrooms', 'nursing facilities', 'photo spots', 'guided photo tours', 'charging stations']",Theme Park/Amusement Park,8 hours,3.75,"['Family with children', 'Pet Owners', 'couples trip', 'Solo Woman Travelers', 'foodie', 'Photography']",Hong Kong
77,Hong Kong,Hong Kong McDonald's 50th Anniversary 'I'm Lovin' It' Concert,"123 Queen's Road Central, Hong Kong",113.99705,22.363608,10:00-22:00,53.2,"Hong Kong McDonald's 50th Anniversary 'I'm Lovin' It' Concert is a theme park in Hong Kong, Hong Kong, popular for its memorable experiences. Entry fee is 53.2 USD. Recommended visit: 8 hours. Discover Hong Kong McDonald's 50th Anniversary 'I'm Lovin' It' Concert, a notable theme park in Hong Kong, Hong Kong, ideal for visitors. Open 10:00-22:00, entry 53.2 USD.","['Restrooms', 'Information Desk', 'Restaurant', 'Souvenir Shop', 'First Aid Station', 'Luggage Storage', 'private tours', 'skip the line passes', 'VIP exclusive events', 'group tours', 'security', 'food markets', 'tasting tours', 'parking', 'ramps', 'elevators', 'wheelchair rentals', 'accessible restrooms', 'photo spots', 'guided photo tours', 'charging stations']",Theme Park/Amusement Park,8 hours,3.75,"['Road trip', 'Disabled Travelers', 'Solo Woman Travelers', 'Luxury Travelers', 'foodie', 'Photography']",Hong Kong
78,Hong Kong,The Heritage Hub,"321 Queen's Road Central, Hong Kong",114.033896,22.345032,10:00-18:00,1.4,"The Heritage Hub is a historic site in Hong Kong, Hong Kong, popular for its memorable experiences. Entry fee is 1.4 USD. Recommended visit: 2 hours. Discover The Heritage Hub, a notable historic site in Hong Kong, Hong Kong, ideal for visitors. Open 10:00-18:00, entry 1.4 USD.","['Restrooms', 'Information Desk', 'Restaurant', 'Souvenir Shop', 'First Aid Station', 'Luggage Storage', 'food markets', 'tasting tours', 'night markets', 'bars', 'evening shows', 'family restrooms', 'nursing facilities', 'parking', 'photo spots', 'guided photo tours', 'charging stations', 'wheelchair rental', 'benches/rest areas']",Historic Site/Landmark,2 hours,3.5,"['Family with children', 'Road trip', 'Elderly Travelers', 'Nightlife Enthusiast', 'foodie', 'Photography']",Hong Kong
79,Hong Kong,Hong Kong Jay Park Global Tour Experience,"158 Nathan Road, Tsim Sha Tsui",114.150383,22.451423,10:00-22:00,7.0,"Hong Kong Jay Park Global Tour Experience is a theme park in Hong Kong, Hong Kong, popular for its memorable experiences. Entry fee is 7.0 USD. Recommended visit: 6 hours. Discover Hong Kong Jay Park Global Tour Experience, a notable theme park in Hong Kong, Hong Kong, ideal for visitors. Open 10:00-22:00, entry 7.0 USD.","['Restrooms', 'Information Desk', 'Restaurant', 'Souvenir Shop', 'First Aid Station', 'Luggage Storage', 'pet-friendly', 'pet water stations', 'pet rest area', 'food markets', 'tasting tours', 'night markets', 'bars', 'evening shows', 'scenic spots', 'sunset cruises', 'special couples experiences', 'high speed WiFi', 'photo spots', 'guided photo tours', 'charging stations']",Theme Park/Amusement Park,6 hours,3.75,"['Pet Owners', 'Nightlife Enthusiast', 'couples trip', 'foodie', 'Photography']",Hong Kong
80,Hong Kong,Hong Kong · &TEAM 2025 'Rebirth of Legacy' Concert Tour,"128 Victoria Street, Central",113.848042,22.508415,08:00-23:00,55.86,"Hong Kong · &TEAM 2025 'Rebirth of Legacy' Concert Tour is a theme park in Hong Kong, Hong Kong, popular for its memorable experiences. Entry fee is 55.86 USD. Recommended visit: 8 hours. Discover Hong Kong · &TEAM 2025 'Rebirth of Legacy' Concert Tour, a notable theme park in Hong Kong, Hong Kong, ideal for visitors. Open 08:00-23:00, entry 55.86 USD.","['Restrooms', 'Information Desk', 'Restaurant', 'Souvenir Shop', 'First Aid Station', 'Luggage Storage', 'pet-friendly', 'pet water stations', 'pet rest area', 'city passes', 'self-guided tours', 'private tours', 'skip the line passes', 'VIP exclusive events', 'group tours', 'security', 'food markets', 'tasting tours', 'parking']",Theme Park/Amusement Park,8 hours,3.75,"['Road trip', 'Pet Owners', 'Fast-Paced Budget Travel', 'Solo Woman Travelers', 'Luxury Travelers', 'foodie']",Hong Kong
81,Hong Kong,Chatham Village,"158 Chatham Road, Hong Kong",113.972793,22.474346,09:00-18:00,6.85,"Chatham Village is a historic site in Hong Kong, Hong Kong, popular for its memorable experiences. Entry fee is 6.85 USD. Recommended visit: 2 hours. Discover Chatham Village, a notable historic site in Hong Kong, Hong Kong, ideal for visitors. Open 09:00-18:00, entry 6.85 USD.","['Restrooms', 'Information Desk', 'Restaurant', 'Souvenir Shop', 'First Aid Station', 'Luggage Storage', 'city passes', 'self-guided tours', 'private tours', 'skip the line passes', 'VIP exclusive events', 'food markets', 'tasting tours', 'night markets', 'bars', 'evening shows', 'parking', 'photo spots', 'guided photo tours', 'charging stations']",Historic Site/Landmark,2 hours,3.5,"['Road trip', 'Nightlife Enthusiast', 'Fast-Paced Budget Travel', 'Luxury Travelers', 'foodie', 'Photography']",Hong Kong
82,Hong Kong,Crayon Shin-chan: Time Travel Adventure Experience,"321 Harbour Road, Wan Chai",114.080399,22.287576,10:00-22:00,8.4,"Crayon Shin-chan: Time Travel Adventure Experience is a museum in Hong Kong, Hong Kong, popular for its unique collections and exhibitions. Entry fee is 8.4 USD. Recommended visit: 2 hours. Discover Crayon Shin-chan: Time Travel Adventure Experience, a renowned museum in Hong Kong, Hong Kong, ideal for art lovers. Open 10:00-22:00, entry 8.4 USD.","['Restrooms', 'Information Desk', 'Restaurant', 'Souvenir Shop', 'First Aid Station', 'Luggage Storage', 'pet-friendly', 'pet water stations', 'pet rest area', 'city passes', 'self-guided tours', 'private tours', 'skip the line passes', 'VIP exclusive events', 'family restrooms', 'nursing facilities', 'parking', 'ramps', 'elevators', 'wheelchair rentals', 'accessible restrooms']",Museum/Art Gallery,2 hours,4.0,"['Family with children', 'Road trip', 'Pet Owners', 'Disabled Travelers', 'Fast-Paced Budget Travel', 'Luxury Travelers']",Hong Kong
83,Hong Kong,Central Market Hub,"456 Queen's Road Central, Hong Kong",113.871737,22.512176,08:30-20:00,22.4,"Central Market Hub is a historic site in Hong Kong, Hong Kong, popular for its memorable experiences. Entry fee is 22.4 USD. Recommended visit: 2 hours. Discover Central Market Hub, a notable historic site in Hong Kong, Hong Kong, ideal for visitors. Open 08:30-20:00, entry 22.4 USD.","['Restrooms', 'Information Desk', 'Restaurant', 'Souvenir Shop', 'First Aid Station', 'Luggage Storage', 'pet-friendly', 'pet water stations', 'pet rest area', 'city passes', 'self-guided tours', 'food markets', 'tasting tours', 'ramps', 'elevators', 'wheelchair rentals', 'accessible restrooms', 'high speed WiFi', 'wheelchair rental', 'benches/rest areas']",Historic Site/Landmark,2 hours,3.5,"['Elderly Travelers', 'Pet Owners', 'Disabled Travelers', 'Fast-Paced Budget Travel', 'foodie']",Hong Kong
84,Hong Kong,Changchou Island Park,"156A Tai Kok Tsui Road, Hong Kong Island",114.266171,22.24904,08:30-18:00,2.8,"Changchou Island Park is a nature in Hong Kong, Hong Kong, popular for its natural scenery and relaxing atmosphere. Entry fee is 2.8 USD. Recommended visit: 3 hours. Discover Changchou Island Park, a peaceful nature in Hong Kong, Hong Kong, ideal for nature lovers. Open 08:30-18:00, entry 2.8 USD.","['Restrooms', 'Information Desk', 'Restaurant', 'Souvenir Shop', 'First Aid Station', 'Luggage Storage', 'food markets', 'tasting tours', 'night markets', 'bars', 'evening shows', 'scenic spots', 'sunset cruises', 'special couples experiences', 'ramps', 'elevators', 'wheelchair rentals', 'accessible restrooms', 'high speed WiFi', 'wheelchair rental', 'benches/rest areas']",Nature/Scenery/Park,3 hours,3.7,"['Elderly Travelers', 'Nightlife Enthusiast', 'Disabled Travelers', 'couples trip', 'foodie']",Hong Kong
85,Hong Kong,Wan Chai Cultural Hub,"156 Queen's Road East, Wan Chai",114.369891,22.351518,09:00-18:00,15.4,"Wan Chai Cultural Hub is a museum in Hong Kong, Hong Kong, popular for its unique collections and exhibitions. Entry fee is 15.4 USD. Recommended visit: 2 hours. Discover Wan Chai Cultural Hub, a renowned museum in Hong Kong, Hong Kong, ideal for art lovers. Open 09:00-18:00, entry 15.4 USD.","['Restrooms', 'Information Desk', 'Restaurant', 'Souvenir Shop', 'First Aid Station', 'Luggage Storage', 'city passes', 'self-guided tours', 'scenic spots', 'sunset cruises', 'special couples experiences', 'family restrooms', 'nursing facilities', 'parking', 'high speed WiFi', 'wheelchair rental', 'benches/rest areas']",Museum/Art Gallery,2 hours,4.0,"['Family with children', 'Road trip', 'Elderly Travelers', 'Fast-Paced Budget Travel', 'couples trip']",Hong Kong
86,Hong Kong,Hong Kong · STAYC 2025 'Echoes of Tomorrow' Concert Tour,"156 Queen's Road Central, Hong Kong",114.249576,22.4703,08:00-23:00,57.54,"Hong Kong · STAYC 2025 'Echoes of Tomorrow' Concert Tour is a theme park in Hong Kong, Hong Kong, popular for its memorable experiences. Entry fee is 57.54 USD. Recommended visit: 8 hours. Discover Hong Kong · STAYC 2025 'Echoes of Tomorrow' Concert Tour, a notable theme park in Hong Kong, Hong Kong, ideal for visitors. Open 08:00-23:00, entry 57.54 USD.","['Restrooms', 'Information Desk', 'Restaurant', 'Souvenir Shop', 'First Aid Station', 'Luggage Storage', 'city passes', 'self-guided tours', 'private tours', 'skip the line passes', 'VIP exclusive events', 'group tours', 'security', 'scenic spots', 'sunset cruises', 'special couples experiences', 'photo spots', 'guided photo tours', 'charging stations', 'wheelchair rental', 'benches/rest areas']",Theme Park/Amusement Park,8 hours,3.75,"['Elderly Travelers', 'Fast-Paced Budget Travel', 'couples trip', 'Solo Woman Travelers', 'Luxury Travelers', 'Photography']",Hong Kong
87,Hong Kong,Sham Shui Po Heritage Walk,"127A Queen's Road East, Sham Shui Po",113.961661,22.462756,08:30-19:00,7.0,"Sham Shui Po Heritage Walk is a historic site in Hong Kong, Hong Kong, popular for its memorable experiences. Entry fee is 7.0 USD. Recommended visit: 2 hours. Discover Sham Shui Po Heritage Walk, a notable historic site in Hong Kong, Hong Kong, ideal for visitors. Open 08:30-19:00, entry 7.0 USD.","['Restrooms', 'Information Desk', 'Restaurant', 'Souvenir Shop', 'First Aid Station', 'Luggage Storage', 'pet-friendly', 'pet water stations', 'pet rest area', 'group tours', 'security', 'food markets', 'tasting tours', 'night markets', 'bars', 'evening shows', 'parking', 'ramps', 'elevators', 'wheelchair rentals', 'accessible restrooms']",Historic Site/Landmark,2 hours,3.5,"['Road trip', 'Pet Owners', 'Nightlife Enthusiast', 'Disabled Travelers', 'Solo Woman Travelers', 'foodie']",Hong Kong
88,Hong Kong,Starlight Harbour Cruise,"256 Harbour View Road, Central",114.137237,22.223362,08:30-20:00,9.38,"Starlight Harbour Cruise is a nature in Hong Kong, Hong Kong, popular for its natural scenery and relaxing atmosphere. Entry fee is 9.38 USD. Recommended visit: 3 hours. Discover Starlight Harbour Cruise, a peaceful nature in Hong Kong, Hong Kong, ideal for nature lovers. Open 08:30-20:00, entry 9.38 USD.","['Restrooms', 'Information Desk', 'Restaurant', 'Souvenir Shop', 'First Aid Station', 'Luggage Storage', 'city passes', 'self-guided tours', 'private tours', 'skip the line passes', 'VIP exclusive events', 'group tours', 'security', 'food markets', 'tasting tours', 'family restrooms', 'nursing facilities', 'wheelchair rental', 'benches/rest areas']",Nature/Scenery/Park,3 hours,3.7,"['Family with children', 'Elderly Travelers', 'Fast-Paced Budget Travel', 'Solo Woman Travelers', 'Luxury Travelers', 'foodie']",Hong Kong
89,Hong Kong,Hong Kong Sports Complex,"567 Harbour Road, Wan Chai",114.171688,22.489126,09:00-21:00,15.12,"Hong Kong Sports Complex is a museum in Hong Kong, Hong Kong, popular for its unique collections and exhibitions. Entry fee is 15.12 USD. Recommended visit: 2 hours. Discover Hong Kong Sports Complex, a renowned museum in Hong Kong, Hong Kong, ideal for art lovers. Open 09:00-21:00, entry 15.12 USD.","['Restrooms', 'Information Desk', 'Restaurant', 'Souvenir Shop', 'First Aid Station', 'Luggage Storage', 'pet-friendly', 'pet water stations', 'pet rest area', 'private tours', 'skip the line passes', 'VIP exclusive events', 'group tours', 'security', 'family restrooms', 'nursing facilities', 'parking', 'high speed WiFi']",Museum/Art Gallery,2 hours,4.0,"['Family with children', 'Road trip', 'Pet Owners', 'Solo Woman Travelers', 'Luxury Travelers']",Hong Kong
90,Hong Kong,Central to Mid-Levels Escalator System,"288 Queen's Road Central, Hong Kong",113.968658,22.455317,Always Open,13.86,"Central to Mid-Levels Escalator System is a historic site in Hong Kong, Hong Kong, popular for its memorable experiences. Entry fee is 13.86 USD. Recommended visit: 2 hours. Discover Central to Mid-Levels Escalator System, a notable historic site in Hong Kong, Hong Kong, ideal for visitors. Open Always Open, entry 13.86 USD.","['Restrooms', 'Information Desk', 'Restaurant', 'Souvenir Shop', 'First Aid Station', 'Luggage Storage', 'group tours', 'security', 'food markets', 'tasting tours', 'parking', 'ramps', 'elevators', 'wheelchair rentals', 'accessible restrooms', 'high speed WiFi', 'photo spots', 'guided photo tours', 'charging stations']",Historic Site/Landmark,2 hours,3.5,"['Road trip', 'Disabled Travelers', 'Solo Woman Travelers', 'foodie', 'Photography']",Hong Kong
91,Hong Kong,D-Design Gallery,"156 Queen's Road Central, Hong Kong",113.995629,22.362011,10:00-20:00,7.0,"D-Design Gallery is a museum in Hong Kong, Hong Kong, popular for its unique collections and exhibitions. Entry fee is 7.0 USD. Recommended visit: 2 hours. Discover D-Design Gallery, a renowned museum in Hong Kong, Hong Kong, ideal for art lovers. Open 10:00-20:00, entry 7.0 USD.","['Restrooms', 'Information Desk', 'Restaurant', 'Souvenir Shop', 'First Aid Station', 'Luggage Storage', 'city passes', 'self-guided tours', 'group tours', 'security', 'scenic spots', 'sunset cruises', 'special couples experiences', 'parking', 'high speed WiFi', 'photo spots', 'guided photo tours', 'charging stations']",Museum/Art Gallery,2 hours,4.0,"['Road trip', 'Fast-Paced Budget Travel', 'couples trip', 'Solo Woman Travelers', 'Photography']",Hong Kong
92,Hong Kong,Kowloon Riverside Park,"156 Tai Kok Tsui Road, Kowloon",113.962928,22.161554,07:00-22:00,19.18,"Kowloon Riverside Park is a nature in Hong Kong, Hong Kong, popular for its natural scenery and relaxing atmosphere. Entry fee is 19.18 USD. Recommended visit: 3 hours. Discover Kowloon Riverside Park, a peaceful nature in Hong Kong, Hong Kong, ideal for nature lovers. Open 07:00-22:00, entry 19.18 USD.","['Restrooms', 'Information Desk', 'Restaurant', 'Souvenir Shop', 'First Aid Station', 'Luggage Storage', 'pet-friendly', 'pet water stations', 'pet rest area', 'night markets', 'bars', 'evening shows', 'scenic spots', 'sunset cruises', 'special couples experiences', 'parking', 'ramps', 'elevators', 'wheelchair rentals', 'accessible restrooms', 'photo spots', 'guided photo tours', 'charging stations']",Nature/Scenery/Park,3 hours,3.7,"['Road trip', 'Pet Owners', 'Nightlife Enthusiast', 'Disabled Travelers', 'couples trip', 'Photography']",Hong Kong
93,Hong Kong,Shatou Bay Viewpoint,"158 Victoria Road, Stonecutters Island",114.339279,22.281503,08:00-19:00,13.72,"Shatou Bay Viewpoint is a nature in Hong Kong, Hong Kong, popular for its natural scenery and relaxing atmosphere. Entry fee is 13.72 USD. Recommended visit: 3 hours. Discover Shatou Bay Viewpoint, a peaceful nature in Hong Kong, Hong Kong, ideal for nature lovers. Open 08:00-19:00, entry 13.72 USD.","['Restrooms', 'Information Desk', 'Restaurant', 'Souvenir Shop', 'First Aid Station', 'Luggage Storage', 'group tours', 'security', 'food markets', 'tasting tours', 'family restrooms', 'nursing facilities', 'ramps', 'elevators', 'wheelchair rentals', 'accessible restrooms', 'photo spots', 'guided photo tours', 'charging stations', 'wheelchair rental', 'benches/rest areas']",Nature/Scenery/Park,3 hours,3.7,"['Family with children', 'Elderly Travelers', 'Disabled Travelers', 'Solo Woman Travelers', 'foodie', 'Photography']",Hong Kong
94,Hong Kong,Hong Kong Harbour View,"256 Nathan Road, Kowloon",113.931299,22.412485,09:00-18:00,9.8,"Hong Kong Harbour View is a nature in Hong Kong, Hong Kong, popular for its natural scenery and relaxing atmosphere. Entry fee is 9.8 USD. Recommended visit: 3 hours. Discover Hong Kong Harbour View, a peaceful nature in Hong Kong, Hong Kong, ideal for nature lovers. Open 09:00-18:00, entry 9.8 USD.","['Restrooms', 'Information Desk', 'Restaurant', 'Souvenir Shop', 'First Aid Station', 'Luggage Storage', 'private tours', 'skip the line passes', 'VIP exclusive events', 'family restrooms', 'nursing facilities', 'ramps', 'elevators', 'wheelchair rentals', 'accessible restrooms', 'high speed WiFi', 'photo spots', 'guided photo tours', 'charging stations', 'wheelchair rental', 'benches/rest areas']",Nature/Scenery/Park,3 hours,3.7,"['Family with children', 'Elderly Travelers', 'Disabled Travelers', 'Luxury Travelers', 'Photography']",Hong Kong
95,Hong Kong,Hong Kong Outdoor Retreat,"156 Victoria Harbour Road, Wan Chai",114.072647,22.219154,08:00-20:00,7.7,"Hong Kong Outdoor Retreat is a nature in Hong Kong, Hong Kong, popular for its natural scenery and relaxing atmosphere. Entry fee is 7.7 USD. Recommended visit: 3 hours. Discover Hong Kong Outdoor Retreat, a peaceful nature in Hong Kong, Hong Kong, ideal for nature lovers. Open 08:00-20:00, entry 7.7 USD.","['Restrooms', 'Information Desk', 'Restaurant', 'Souvenir Shop', 'First Aid Station', 'Luggage Storage', 'private tours', 'skip the line passes', 'VIP exclusive events', 'group tours', 'security', 'food markets', 'tasting tours', 'ramps', 'elevators', 'wheelchair rentals', 'accessible restrooms', 'photo spots', 'guided photo tours', 'charging stations', 'wheelchair rental', 'benches/rest areas']",Nature/Scenery/Park,3 hours,3.7,"['Elderly Travelers', 'Disabled Travelers', 'Solo Woman Travelers', 'Luxury Travelers', 'foodie', 'Photography']",Hong Kong
96,Hong Kong,Bao Lian Temple,"256 Victoria Harbour Road, Hong Kong Island",114.219442,22.281075,06:00-18:00,5.46,"Bao Lian Temple is a historic site in Hong Kong, Hong Kong, popular for its memorable experiences. Entry fee is 5.46 USD. Recommended visit: 2 hours. Discover Bao Lian Temple, a notable historic site in Hong Kong, Hong Kong, ideal for visitors. Open 06:00-18:00, entry 5.46 USD.","['Restrooms', 'Information Desk', 'Restaurant', 'Souvenir Shop', 'First Aid Station', 'Luggage Storage', 'group tours', 'security', 'night markets', 'bars', 'evening shows', 'family restrooms', 'nursing facilities', 'parking', 'ramps', 'elevators', 'wheelchair rentals', 'accessible restrooms', 'wheelchair rental', 'benches/rest areas']",Historic Site/Landmark,2 hours,3.5,"['Family with children', 'Road trip', 'Elderly Travelers', 'Nightlife Enthusiast', 'Disabled Travelers', 'Solo Woman Travelers']",Hong Kong
97,Hong Kong,Grizzly Peak Thrill Rides,"387 Castle Peak Road, Hong Kong",114.092959,22.200109,10:00-22:00,14.0,"Grizzly Peak Thrill Rides is a theme park in Hong Kong, Hong Kong, popular for its memorable experiences. Entry fee is 14.0 USD. Recommended visit: 6 hours. Discover Grizzly Peak Thrill Rides, a notable theme park in Hong Kong, Hong Kong, ideal for visitors. Open 10:00-22:00, entry 14.0 USD.","['Restrooms', 'Information Desk', 'Restaurant', 'Souvenir Shop', 'First Aid Station', 'Luggage Storage', 'food markets', 'tasting tours', 'scenic spots', 'sunset cruises', 'special couples experiences', 'family restrooms', 'nursing facilities', 'ramps', 'elevators', 'wheelchair rentals', 'accessible restrooms', 'photo spots', 'guided photo tours', 'charging stations', 'wheelchair rental', 'benches/rest areas']",Theme Park/Amusement Park,6 hours,3.75,"['Family with children', 'Elderly Travelers', 'Disabled Travelers', 'couples trip', 'foodie', 'Photography']",Hong Kong
98,Hong Kong,Shatin Racecourse,"158 Tai Po Road, Tai Po",114.190971,22.174377,09:00-18:00,2.52,"Shatin Racecourse is a historic site in Hong Kong, Hong Kong, popular for its memorable experiences. Entry fee is 2.52 USD. Recommended visit: 2 hours. Discover Shatin Racecourse, a notable historic site in Hong Kong, Hong Kong, ideal for visitors. Open 09:00-18:00, entry 2.52 USD.","['Restrooms', 'Information Desk', 'Restaurant', 'Souvenir Shop', 'First Aid Station', 'Luggage Storage', 'city passes', 'self-guided tours', 'private tours', 'skip the line passes', 'VIP exclusive events', 'group tours', 'security', 'night markets', 'bars', 'evening shows', 'scenic spots', 'sunset cruises', 'special couples experiences', 'photo spots', 'guided photo tours', 'charging stations']",Historic Site/Landmark,2 hours,3.5,"['Nightlife Enthusiast', 'Fast-Paced Budget Travel', 'couples trip', 'Solo Woman Travelers', 'Luxury Travelers', 'Photography']",Hong Kong
