car_id,city_name,price_per_day,pickup_location,car_type,capacity,extra_services,extra_services_group
1,Shenzhen,41.13,Shenzhen Bao'an International Airport,Compact,4,"['GPS navigation', 'Unlimited mileage', 'Insurance included', 'Free cancellation', 'Air conditioning', '24/7 customer support', 'Roadside emergency support', 'Late pick up services', 'Remote shoots']","['road trip', 'nightlife enthusiast', 'photography']"
2,Shenzhen,50.87,Shenzhen Bao'an International Airport,Compact,4,"['GPS navigation', 'Unlimited mileage', 'Insurance included', 'Free cancellation', 'Air conditioning', '24/7 customer support', 'Child seats', 'Child locks', 'Pet seat belts', 'Pet-friendly', 'Advanced Driving Assistance Systems']","['with children', 'with pets', 'elderly travelers']"
3,Shenzhen,57.27,Shenzhen Bao'an International Airport,Compact,4,"['GPS navigation', 'Unlimited mileage', 'Insurance included', 'Free cancellation', 'Air conditioning', '24/7 customer support', 'First-class car', 'Chauffeured cars', 'Guide/driver package', 'Women-only cars', 'Airport safe waiting areas', 'Late pick up services']","['luxury travelers', 'solo women', 'nightlife enthusiast']"
4,Shenzhen,48.2,Shenzhen Bao'an International Airport,Economy,4,"['GPS navigation', 'Unlimited mileage', 'Insurance included', 'Free cancellation', 'Air conditioning', '24/7 customer support', 'Wheelchair space', 'Hand controls', 'Accessible cars', 'Women-only cars', 'Airport safe waiting areas', 'Late pick up services']","['disabled traveler', 'solo women', 'nightlife enthusiast']"
5,Shenzhen,55.61,Shenzhen Bao'an International Airport,Economy,4,"['GPS navigation', 'Unlimited mileage', 'Insurance included', 'Free cancellation', 'Air conditioning', '24/7 customer support', 'Wheelchair space', 'Hand controls', 'Accessible cars', 'First-class car', 'Chauffeured cars', 'Guide/driver package', 'Pet seat belts', 'Pet-friendly']","['disabled traveler', 'luxury travelers', 'with pets']"
6,Shenzhen,56.51,Shenzhen Bao'an International Airport,Economy,4,"['GPS navigation', 'Unlimited mileage', 'Insurance included', 'Free cancellation', 'Air conditioning', '24/7 customer support', 'Remote shoots', 'Women-only cars', 'Airport safe waiting areas', 'WiFi']","['photography', 'solo women', 'business travelers']"
7,Shenzhen,52.07,Shenzhen Bao'an International Airport,Sedan,5,"['GPS navigation', 'Unlimited mileage', 'Insurance included', 'Free cancellation', 'Air conditioning', '24/7 customer support', 'First-class car', 'Chauffeured cars', 'Guide/driver package', 'Late pick up services', 'Pet seat belts', 'Pet-friendly']","['luxury travelers', 'nightlife enthusiast', 'with pets']"
8,Shenzhen,59.41,Shenzhen Bao'an International Airport,Sedan,5,"['GPS navigation', 'Unlimited mileage', 'Insurance included', 'Free cancellation', 'Air conditioning', '24/7 customer support', 'First-class car', 'Chauffeured cars', 'Guide/driver package', 'Child seats', 'Child locks', 'WiFi']","['luxury travelers', 'with children', 'business travelers']"
9,Shenzhen,63.69,Shenzhen Bao'an International Airport,Sedan,5,"['GPS navigation', 'Unlimited mileage', 'Insurance included', 'Free cancellation', 'Air conditioning', '24/7 customer support', 'Remote shoots', 'Women-only cars', 'Airport safe waiting areas', 'Pet seat belts', 'Pet-friendly']","['photography', 'solo women', 'with pets']"
10,Shenzhen,105.61,Shenzhen Bao'an International Airport,SUV,5,"['GPS navigation', 'Unlimited mileage', 'Insurance included', 'Free cancellation', 'Air conditioning', '24/7 customer support', 'Roadside emergency support', 'First-class car', 'Chauffeured cars', 'Guide/driver package', 'Advanced Driving Assistance Systems']","['road trip', 'luxury travelers', 'elderly travelers']"
11,Shenzhen,100.21,Shenzhen Bao'an International Airport,SUV,5,"['GPS navigation', 'Unlimited mileage', 'Insurance included', 'Free cancellation', 'Air conditioning', '24/7 customer support', 'Roadside emergency support', 'Wheelchair space', 'Hand controls', 'Accessible cars', 'First-class car', 'Chauffeured cars', 'Guide/driver package']","['road trip', 'disabled traveler', 'luxury travelers']"
12,Shenzhen,73.78,Shenzhen Bao'an International Airport,SUV,5,"['GPS navigation', 'Unlimited mileage', 'Insurance included', 'Free cancellation', 'Air conditioning', '24/7 customer support', 'Wheelchair space', 'Hand controls', 'Accessible cars', 'Child seats', 'Child locks', 'WiFi']","['disabled traveler', 'with children', 'business travelers']"
13,Shenzhen,133.9,Shenzhen Bao'an International Airport,Minivan,7,"['GPS navigation', 'Unlimited mileage', 'Insurance included', 'Free cancellation', 'Air conditioning', '24/7 customer support', 'Roadside emergency support', 'Child seats', 'Child locks', 'Remote shoots']","['road trip', 'with children', 'photography']"
14,Shenzhen,88.14,Shenzhen Bao'an International Airport,Minivan,7,"['GPS navigation', 'Unlimited mileage', 'Insurance included', 'Free cancellation', 'Air conditioning', '24/7 customer support', 'Roadside emergency support', 'Wheelchair space', 'Hand controls', 'Accessible cars', 'Remote shoots']","['road trip', 'disabled traveler', 'photography']"
15,Shenzhen,127.36,Shenzhen Bao'an International Airport,Minivan,7,"['GPS navigation', 'Unlimited mileage', 'Insurance included', 'Free cancellation', 'Air conditioning', '24/7 customer support', 'Remote shoots', 'First-class car', 'Chauffeured cars', 'Guide/driver package', 'Late pick up services']","['photography', 'luxury travelers', 'nightlife enthusiast']"
16,Shenzhen,122.11,Shenzhen Bao'an International Airport,Luxury,5,"['GPS navigation', 'Unlimited mileage', 'Insurance included', 'Free cancellation', 'Air conditioning', '24/7 customer support', 'Advanced Driving Assistance Systems', 'Late pick up services', 'Pet seat belts', 'Pet-friendly']","['elderly travelers', 'nightlife enthusiast', 'with pets']"
17,Shenzhen,115.22,Shenzhen Bao'an International Airport,Luxury,5,"['GPS navigation', 'Unlimited mileage', 'Insurance included', 'Free cancellation', 'Air conditioning', '24/7 customer support', 'Remote shoots', 'Child seats', 'Child locks', 'Women-only cars', 'Airport safe waiting areas']","['photography', 'with children', 'solo women']"
18,Shenzhen,155.45,Shenzhen Bao'an International Airport,Luxury,5,"['GPS navigation', 'Unlimited mileage', 'Insurance included', 'Free cancellation', 'Air conditioning', '24/7 customer support', 'WiFi', 'Child seats', 'Child locks', 'Women-only cars', 'Airport safe waiting areas']","['business travelers', 'with children', 'solo women']"
19,Shenzhen,130.13,Shenzhen Bao'an International Airport,Convertible,4,"['GPS navigation', 'Unlimited mileage', 'Insurance included', 'Free cancellation', 'Air conditioning', '24/7 customer support', 'Wheelchair space', 'Hand controls', 'Accessible cars', 'WiFi', 'Advanced Driving Assistance Systems']","['disabled traveler', 'business travelers', 'elderly travelers']"
20,Shenzhen,159.63,Shenzhen Bao'an International Airport,Convertible,4,"['GPS navigation', 'Unlimited mileage', 'Insurance included', 'Free cancellation', 'Air conditioning', '24/7 customer support', 'Child seats', 'Child locks', 'Women-only cars', 'Airport safe waiting areas', 'Pet seat belts', 'Pet-friendly']","['with children', 'solo women', 'with pets']"
21,Shenzhen,114.21,Shenzhen Bao'an International Airport,Convertible,4,"['GPS navigation', 'Unlimited mileage', 'Insurance included', 'Free cancellation', 'Air conditioning', '24/7 customer support', 'WiFi', 'Pet seat belts', 'Pet-friendly', 'Advanced Driving Assistance Systems']","['business travelers', 'with pets', 'elderly travelers']"
22,Shenzhen,72.42,Shenzhen Bao'an International Airport,EV,5,"['GPS navigation', 'Unlimited mileage', 'Insurance included', 'Free cancellation', 'Air conditioning', '24/7 customer support', 'Roadside emergency support', 'WiFi', 'Women-only cars', 'Airport safe waiting areas']","['road trip', 'business travelers', 'solo women']"
23,Shenzhen,89.22,Shenzhen Bao'an International Airport,EV,5,"['GPS navigation', 'Unlimited mileage', 'Insurance included', 'Free cancellation', 'Air conditioning', '24/7 customer support', 'Wheelchair space', 'Hand controls', 'Accessible cars', 'WiFi', 'Advanced Driving Assistance Systems']","['disabled traveler', 'business travelers', 'elderly travelers']"
24,Shenzhen,114.42,Shenzhen Bao'an International Airport,EV,5,"['GPS navigation', 'Unlimited mileage', 'Insurance included', 'Free cancellation', 'Air conditioning', '24/7 customer support', 'Roadside emergency support', 'Child seats', 'Child locks', 'Late pick up services']","['road trip', 'with children', 'nightlife enthusiast']"
25,Shenzhen,72.62,Shenzhen Bao'an International Airport,Wagon,5,"['GPS navigation', 'Unlimited mileage', 'Insurance included', 'Free cancellation', 'Air conditioning', '24/7 customer support', 'Remote shoots', 'Child seats', 'Child locks', 'Advanced Driving Assistance Systems']","['photography', 'with children', 'elderly travelers']"
26,Shenzhen,80.19,Shenzhen Bao'an International Airport,Wagon,5,"['GPS navigation', 'Unlimited mileage', 'Insurance included', 'Free cancellation', 'Air conditioning', '24/7 customer support', 'First-class car', 'Chauffeured cars', 'Guide/driver package', 'Pet seat belts', 'Pet-friendly', 'Advanced Driving Assistance Systems']","['luxury travelers', 'with pets', 'elderly travelers']"
27,Shenzhen,60.34,Shenzhen Bao'an International Airport,Wagon,5,"['GPS navigation', 'Unlimited mileage', 'Insurance included', 'Free cancellation', 'Air conditioning', '24/7 customer support', 'First-class car', 'Chauffeured cars', 'Guide/driver package', 'Women-only cars', 'Airport safe waiting areas', 'Late pick up services']","['luxury travelers', 'solo women', 'nightlife enthusiast']"
